"","dprt_grid","time_30min","median_speed","n"
"1",61,2017-03-02 00:00:00,34,34593
"2",61,2017-03-02 00:30:00,33,32819
"3",61,2017-03-02 01:00:00,35,22555
"4",61,2017-03-02 01:30:00,34,20095
"5",61,2017-03-02 02:00:00,33,16602
"6",61,2017-03-02 02:30:00,36,12921
"7",61,2017-03-02 03:00:00,35,13518
"8",61,2017-03-02 03:30:00,34,12511
"9",61,2017-03-02 04:00:00,32,8024
"10",61,2017-03-02 04:30:00,38,8357
"11",61,2017-03-02 05:00:00,35,6013
"12",61,2017-03-02 05:30:00,35,6238
"13",61,2017-03-02 06:00:00,39,6514
"14",61,2017-03-02 06:30:00,34,9154
"15",61,2017-03-02 07:00:00,36,9767
"16",61,2017-03-02 07:30:00,31,12800
"17",61,2017-03-02 08:00:00,28,19064
"18",61,2017-03-02 08:30:00,33,21246
"19",61,2017-03-02 09:00:00,31,30286
"20",61,2017-03-02 09:30:00,30,29829
"21",61,2017-03-02 10:00:00,31,19038
"22",61,2017-03-02 10:30:00,32,21987
"23",61,2017-03-02 11:00:00,30,20628
"24",61,2017-03-02 11:30:00,29,18351
"25",61,2017-03-02 12:00:00,30,21226
"26",61,2017-03-02 12:30:00,33,19874
"27",61,2017-03-02 13:00:00,30,26251
"28",61,2017-03-02 13:30:00,31,26142
"29",61,2017-03-02 14:00:00,29,27011
"30",61,2017-03-02 14:30:00,29,25775
"31",61,2017-03-02 15:00:00,29,25165
"32",61,2017-03-02 15:30:00,28,28591
"33",61,2017-03-02 16:00:00,29,23322
"34",61,2017-03-02 16:30:00,29,23959
"35",61,2017-03-02 17:00:00,30,23552
"36",61,2017-03-02 17:30:00,30,29460
"37",61,2017-03-02 18:00:00,26,32339
"38",61,2017-03-02 18:30:00,24,31251
"39",61,2017-03-02 19:00:00,28,32537
"40",61,2017-03-02 19:30:00,30,35657
"41",61,2017-03-02 20:00:00,31,34283
"42",61,2017-03-02 20:30:00,32,33286
"43",61,2017-03-02 21:00:00,32,35162
"44",61,2017-03-02 21:30:00,33,37014
"45",61,2017-03-02 22:00:00,35,34104
"46",61,2017-03-02 22:30:00,38,34041
"47",61,2017-03-02 23:00:00,40,34938
"48",61,2017-03-02 23:30:00,41,31718
"49",105,2017-03-02 00:00:00,31,11502
"50",105,2017-03-02 00:30:00,33,9834
"51",105,2017-03-02 01:00:00,34,6069
"52",105,2017-03-02 01:30:00,34,4096
"53",105,2017-03-02 02:00:00,31,5249
"54",105,2017-03-02 02:30:00,33,3507
"55",105,2017-03-02 03:00:00,33,4348
"56",105,2017-03-02 03:30:00,31,3934
"57",105,2017-03-02 04:00:00,31,3237
"58",105,2017-03-02 04:30:00,38,1953
"59",105,2017-03-02 05:00:00,28,2469
"60",105,2017-03-02 05:30:00,29,2578
"61",105,2017-03-02 06:00:00,33,2199
"62",105,2017-03-02 06:30:00,31,2909
"63",105,2017-03-02 07:00:00,33,2024
"64",105,2017-03-02 07:30:00,28,4137
"65",105,2017-03-02 08:00:00,25,4918
"66",105,2017-03-02 08:30:00,27,6505
"67",105,2017-03-02 09:00:00,24,10263
"68",105,2017-03-02 09:30:00,27,7303
"69",105,2017-03-02 10:00:00,29,6570
"70",105,2017-03-02 10:30:00,25,7228
"71",105,2017-03-02 11:00:00,28,5987
"72",105,2017-03-02 11:30:00,29,5017
"73",105,2017-03-02 12:00:00,27,5355
"74",105,2017-03-02 12:30:00,27,4925
"75",105,2017-03-02 13:00:00,27,6306
"76",105,2017-03-02 13:30:00,26,5359
"77",105,2017-03-02 14:00:00,28,5972
"78",105,2017-03-02 14:30:00,26,4614
"79",105,2017-03-02 15:00:00,27,5701
"80",105,2017-03-02 15:30:00,26,8180
"81",105,2017-03-02 16:00:00,25,8446
"82",105,2017-03-02 16:30:00,27,7417
"83",105,2017-03-02 17:00:00,27,6147
"84",105,2017-03-02 17:30:00,25,5424
"85",105,2017-03-02 18:00:00,23,6518
"86",105,2017-03-02 18:30:00,24,6186
"87",105,2017-03-02 19:00:00,25,6619
"88",105,2017-03-02 19:30:00,24,8384
"89",105,2017-03-02 20:00:00,27,8576
"90",105,2017-03-02 20:30:00,29,8081
"91",105,2017-03-02 21:00:00,27,8813
"92",105,2017-03-02 21:30:00,28,10692
"93",105,2017-03-02 22:00:00,28,9961
"94",105,2017-03-02 22:30:00,32,9551
"95",105,2017-03-02 23:00:00,34,9464
"96",105,2017-03-02 23:30:00,31,11439
"97",136,2017-03-02 00:00:00,46,10101
"98",136,2017-03-02 00:30:00,45,8544
"99",136,2017-03-02 01:00:00,47,6104
"100",136,2017-03-02 01:30:00,47,6414
"101",136,2017-03-02 02:00:00,42,6203
"102",136,2017-03-02 02:30:00,47,4206
"103",136,2017-03-02 03:00:00,48,3906
"104",136,2017-03-02 03:30:00,44,4019
"105",136,2017-03-02 04:00:00,47,3063
"106",136,2017-03-02 04:30:00,49,2432
"107",136,2017-03-02 05:00:00,41,3529
"108",136,2017-03-02 05:30:00,47,3117
"109",136,2017-03-02 06:00:00,40,3053
"110",136,2017-03-02 06:30:00,43,2682
"111",136,2017-03-02 07:00:00,43.5,3798
"112",136,2017-03-02 07:30:00,39,6298
"113",136,2017-03-02 08:00:00,42,5392
"114",136,2017-03-02 08:30:00,42,5347
"115",136,2017-03-02 09:00:00,38,6613
"116",136,2017-03-02 09:30:00,41,6285
"117",136,2017-03-02 10:00:00,40,5958
"118",136,2017-03-02 10:30:00,40,5995
"119",136,2017-03-02 11:00:00,39,6112
"120",136,2017-03-02 11:30:00,38,6535
"121",136,2017-03-02 12:00:00,41,7272
"122",136,2017-03-02 12:30:00,39,6332
"123",136,2017-03-02 13:00:00,36,6505
"124",136,2017-03-02 13:30:00,34,7970
"125",136,2017-03-02 14:00:00,37,7317
"126",136,2017-03-02 14:30:00,35,8151
"127",136,2017-03-02 15:00:00,38,8754
"128",136,2017-03-02 15:30:00,35,8981
"129",136,2017-03-02 16:00:00,35,9524
"130",136,2017-03-02 16:30:00,37,9249
"131",136,2017-03-02 17:00:00,36,8532
"132",136,2017-03-02 17:30:00,36,7460
"133",136,2017-03-02 18:00:00,38,8593
"134",136,2017-03-02 18:30:00,34,10629
"135",136,2017-03-02 19:00:00,37,8806
"136",136,2017-03-02 19:30:00,39,7683
"137",136,2017-03-02 20:00:00,39,9667
"138",136,2017-03-02 20:30:00,44,10482
"139",136,2017-03-02 21:00:00,39,9694
"140",136,2017-03-02 21:30:00,42,11170
"141",136,2017-03-02 22:00:00,44,10933
"142",136,2017-03-02 22:30:00,45,9054
"143",136,2017-03-02 23:00:00,44,10736
"144",136,2017-03-02 23:30:00,45,12561
"145",146,2017-03-02 00:00:00,40,11654
"146",146,2017-03-02 00:30:00,42,8210
"147",146,2017-03-02 01:00:00,38,7107
"148",146,2017-03-02 01:30:00,36,4887
"149",146,2017-03-02 02:00:00,36,5243
"150",146,2017-03-02 02:30:00,39,4349
"151",146,2017-03-02 03:00:00,37,3079
"152",146,2017-03-02 03:30:00,41,2679
"153",146,2017-03-02 04:00:00,35,2444
"154",146,2017-03-02 04:30:00,38,1786
"155",146,2017-03-02 05:00:00,39,1841
"156",146,2017-03-02 05:30:00,46,2910
"157",146,2017-03-02 06:00:00,39,2308
"158",146,2017-03-02 06:30:00,41,3181
"159",146,2017-03-02 07:00:00,40,4720
"160",146,2017-03-02 07:30:00,37,6013
"161",146,2017-03-02 08:00:00,32,8551
"162",146,2017-03-02 08:30:00,35,11906
"163",146,2017-03-02 09:00:00,39,13678
"164",146,2017-03-02 09:30:00,40,10911
"165",146,2017-03-02 10:00:00,38,7699
"166",146,2017-03-02 10:30:00,42,8446
"167",146,2017-03-02 11:00:00,40,7350
"168",146,2017-03-02 11:30:00,35,6319
"169",146,2017-03-02 12:00:00,36,7786
"170",146,2017-03-02 12:30:00,37,7138
"171",146,2017-03-02 13:00:00,34,9930
"172",146,2017-03-02 13:30:00,35,11108
"173",146,2017-03-02 14:00:00,42,8606
"174",146,2017-03-02 14:30:00,38,10428
"175",146,2017-03-02 15:00:00,40,8225
"176",146,2017-03-02 15:30:00,36,10152
"177",146,2017-03-02 16:00:00,37,10500
"178",146,2017-03-02 16:30:00,38,9811
"179",146,2017-03-02 17:00:00,36,11144
"180",146,2017-03-02 17:30:00,35,12866
"181",146,2017-03-02 18:00:00,31,14926
"182",146,2017-03-02 18:30:00,28,15469
"183",146,2017-03-02 19:00:00,32,13967
"184",146,2017-03-02 19:30:00,32,15621
"185",146,2017-03-02 20:00:00,34,14141
"186",146,2017-03-02 20:30:00,35,17373
"187",146,2017-03-02 21:00:00,35,14857
"188",146,2017-03-02 21:30:00,37,12962
"189",146,2017-03-02 22:00:00,37,18067
"190",146,2017-03-02 22:30:00,36,16545
"191",146,2017-03-02 23:00:00,38,16772
"192",146,2017-03-02 23:30:00,42,13600
"193",154,2017-03-02 00:00:00,34,8523
"194",154,2017-03-02 00:30:00,34,8604
"195",154,2017-03-02 01:00:00,30,6680
"196",154,2017-03-02 01:30:00,30,5167
"197",154,2017-03-02 02:00:00,31,5004
"198",154,2017-03-02 02:30:00,29,3551
"199",154,2017-03-02 03:00:00,30,3191
"200",154,2017-03-02 03:30:00,31,1823
"201",154,2017-03-02 04:00:00,32,2578
"202",154,2017-03-02 04:30:00,33,2760
"203",154,2017-03-02 05:00:00,28,1462
"204",154,2017-03-02 05:30:00,36,2286
"205",154,2017-03-02 06:00:00,26,2538
"206",154,2017-03-02 06:30:00,30,2980
"207",154,2017-03-02 07:00:00,31,3989
"208",154,2017-03-02 07:30:00,28,4619
"209",154,2017-03-02 08:00:00,28,6246
"210",154,2017-03-02 08:30:00,34,8712
"211",154,2017-03-02 09:00:00,34,11017
"212",154,2017-03-02 09:30:00,32,10670
"213",154,2017-03-02 10:00:00,28,8629
"214",154,2017-03-02 10:30:00,30,7620
"215",154,2017-03-02 11:00:00,31,5705
"216",154,2017-03-02 11:30:00,32,5827
"217",154,2017-03-02 12:00:00,28,6649
"218",154,2017-03-02 12:30:00,31,6131
"219",154,2017-03-02 13:00:00,29,6214
"220",154,2017-03-02 13:30:00,35,6286
"221",154,2017-03-02 14:00:00,34,5018
"222",154,2017-03-02 14:30:00,30,6347
"223",154,2017-03-02 15:00:00,34,5294
"224",154,2017-03-02 15:30:00,29,5041
"225",154,2017-03-02 16:00:00,30,7970
"226",154,2017-03-02 16:30:00,30,8220
"227",154,2017-03-02 17:00:00,30,7050
"228",154,2017-03-02 17:30:00,33,8829
"229",154,2017-03-02 18:00:00,30,10140
"230",154,2017-03-02 18:30:00,27,11659
"231",154,2017-03-02 19:00:00,30,9214
"232",154,2017-03-02 19:30:00,30,10086
"233",154,2017-03-02 20:00:00,30,9639
"234",154,2017-03-02 20:30:00,29,10528
"235",154,2017-03-02 21:00:00,30,10769
"236",154,2017-03-02 21:30:00,33,11479
"237",154,2017-03-02 22:00:00,31,11862
"238",154,2017-03-02 22:30:00,32,12607
"239",154,2017-03-02 23:00:00,31,12497
"240",154,2017-03-02 23:30:00,35,10947
"241",168,2017-03-02 00:00:00,39,11993
"242",168,2017-03-02 00:30:00,40,9443
"243",168,2017-03-02 01:00:00,40,6701
"244",168,2017-03-02 01:30:00,38,5797
"245",168,2017-03-02 02:00:00,36,4729
"246",168,2017-03-02 02:30:00,39,3420
"247",168,2017-03-02 03:00:00,43,4515
"248",168,2017-03-02 03:30:00,43,2894
"249",168,2017-03-02 04:00:00,41,2977
"250",168,2017-03-02 04:30:00,35,2771
"251",168,2017-03-02 05:00:00,36,2487
"252",168,2017-03-02 05:30:00,37,2023
"253",168,2017-03-02 06:00:00,38,2614
"254",168,2017-03-02 06:30:00,36,2249
"255",168,2017-03-02 07:00:00,30,2942
"256",168,2017-03-02 07:30:00,29,4583
"257",168,2017-03-02 08:00:00,27,5301
"258",168,2017-03-02 08:30:00,29,5327
"259",168,2017-03-02 09:00:00,32,8973
"260",168,2017-03-02 09:30:00,33,7519
"261",168,2017-03-02 10:00:00,33,7493
"262",168,2017-03-02 10:30:00,34,6372
"263",168,2017-03-02 11:00:00,34,5486
"264",168,2017-03-02 11:30:00,34,4861
"265",168,2017-03-02 12:00:00,32,5125
"266",168,2017-03-02 12:30:00,31,6540
"267",168,2017-03-02 13:00:00,35,5660
"268",168,2017-03-02 13:30:00,31,4774
"269",168,2017-03-02 14:00:00,33,5779
"270",168,2017-03-02 14:30:00,32,5753
"271",168,2017-03-02 15:00:00,33,6248
"272",168,2017-03-02 15:30:00,33,7345
"273",168,2017-03-02 16:00:00,34,7145
"274",168,2017-03-02 16:30:00,31,6054
"275",168,2017-03-02 17:00:00,31,7745
"276",168,2017-03-02 17:30:00,30,6328
"277",168,2017-03-02 18:00:00,30,7619
"278",168,2017-03-02 18:30:00,28,9338
"279",168,2017-03-02 19:00:00,30,7029
"280",168,2017-03-02 19:30:00,31,8222
"281",168,2017-03-02 20:00:00,35,7025
"282",168,2017-03-02 20:30:00,34,10300
"283",168,2017-03-02 21:00:00,32,10148
"284",168,2017-03-02 21:30:00,33,11239
"285",168,2017-03-02 22:00:00,34,11447
"286",168,2017-03-02 22:30:00,37,10571
"287",168,2017-03-02 23:00:00,39,11841
"288",168,2017-03-02 23:30:00,39,12236
"289",184,2017-03-02 00:00:00,40,7995
"290",184,2017-03-02 00:30:00,41,5401
"291",184,2017-03-02 01:00:00,43,5213
"292",184,2017-03-02 01:30:00,42,4175
"293",184,2017-03-02 02:00:00,39,5344
"294",184,2017-03-02 02:30:00,34,3697
"295",184,2017-03-02 03:00:00,40,2678
"296",184,2017-03-02 03:30:00,40,2314
"297",184,2017-03-02 04:00:00,33,2778
"298",184,2017-03-02 04:30:00,42,1807
"299",184,2017-03-02 05:00:00,41,1934
"300",184,2017-03-02 05:30:00,39,1971
"301",184,2017-03-02 06:00:00,31,3114
"302",184,2017-03-02 06:30:00,34,2773
"303",184,2017-03-02 07:00:00,32,5768
"304",184,2017-03-02 07:30:00,29,6273
"305",184,2017-03-02 08:00:00,27,8380
"306",184,2017-03-02 08:30:00,32,6740
"307",184,2017-03-02 09:00:00,35,4406
"308",184,2017-03-02 09:30:00,33,5641
"309",184,2017-03-02 10:00:00,32,6012
"310",184,2017-03-02 10:30:00,31,5587
"311",184,2017-03-02 11:00:00,31,8197
"312",184,2017-03-02 11:30:00,30,6521
"313",184,2017-03-02 12:00:00,29,6772
"314",184,2017-03-02 12:30:00,30,6487
"315",184,2017-03-02 13:00:00,31,8613
"316",184,2017-03-02 13:30:00,29,6731
"317",184,2017-03-02 14:00:00,31,7082
"318",184,2017-03-02 14:30:00,30,8224
"319",184,2017-03-02 15:00:00,27,8592
"320",184,2017-03-02 15:30:00,29,9442
"321",184,2017-03-02 16:00:00,31,9693
"322",184,2017-03-02 16:30:00,31,8897
"323",184,2017-03-02 17:00:00,29,7952
"324",184,2017-03-02 17:30:00,27,7584
"325",184,2017-03-02 18:00:00,28,6692
"326",184,2017-03-02 18:30:00,28,6417
"327",184,2017-03-02 19:00:00,27,8763
"328",184,2017-03-02 19:30:00,31,9299
"329",184,2017-03-02 20:00:00,28,9876
"330",184,2017-03-02 20:30:00,32,7957
"331",184,2017-03-02 21:00:00,30,9926
"332",184,2017-03-02 21:30:00,32,9836
"333",184,2017-03-02 22:00:00,31,8797
"334",184,2017-03-02 22:30:00,36,7734
"335",184,2017-03-02 23:00:00,35,8772
"336",184,2017-03-02 23:30:00,41,7778
"337",189,2017-03-02 00:00:00,42,9892
"338",189,2017-03-02 00:30:00,42,8059
"339",189,2017-03-02 01:00:00,42,7891
"340",189,2017-03-02 01:30:00,42,5480
"341",189,2017-03-02 02:00:00,38,6186
"342",189,2017-03-02 02:30:00,40,6394
"343",189,2017-03-02 03:00:00,43,3227
"344",189,2017-03-02 03:30:00,41,2653
"345",189,2017-03-02 04:00:00,39,3443
"346",189,2017-03-02 04:30:00,39,2436
"347",189,2017-03-02 05:00:00,35,2644
"348",189,2017-03-02 05:30:00,37,2106
"349",189,2017-03-02 06:00:00,35,3041
"350",189,2017-03-02 06:30:00,40,2457
"351",189,2017-03-02 07:00:00,30,4535
"352",189,2017-03-02 07:30:00,33,6516
"353",189,2017-03-02 08:00:00,31,7445
"354",189,2017-03-02 08:30:00,34,4500
"355",189,2017-03-02 09:00:00,32,5294
"356",189,2017-03-02 09:30:00,33,5770
"357",189,2017-03-02 10:00:00,36,6175
"358",189,2017-03-02 10:30:00,34,7479
"359",189,2017-03-02 11:00:00,35,6899
"360",189,2017-03-02 11:30:00,30,8076
"361",189,2017-03-02 12:00:00,29,7527
"362",189,2017-03-02 12:30:00,32,7543
"363",189,2017-03-02 13:00:00,30,9290
"364",189,2017-03-02 13:30:00,34,6776
"365",189,2017-03-02 14:00:00,31,6832
"366",189,2017-03-02 14:30:00,31,7077
"367",189,2017-03-02 15:00:00,32,8775
"368",189,2017-03-02 15:30:00,33,7539
"369",189,2017-03-02 16:00:00,33,9513
"370",189,2017-03-02 16:30:00,34,9232
"371",189,2017-03-02 17:00:00,32,11935
"372",189,2017-03-02 17:30:00,32,9320
"373",189,2017-03-02 18:00:00,30,10202
"374",189,2017-03-02 18:30:00,30,9971
"375",189,2017-03-02 19:00:00,34,11053
"376",189,2017-03-02 19:30:00,34,9423
"377",189,2017-03-02 20:00:00,35,10385
"378",189,2017-03-02 20:30:00,34,11105
"379",189,2017-03-02 21:00:00,35,12581
"380",189,2017-03-02 21:30:00,36,12481
"381",189,2017-03-02 22:00:00,36,12700
"382",189,2017-03-02 22:30:00,38,12719
"383",189,2017-03-02 23:00:00,39,12141
"384",189,2017-03-02 23:30:00,39,11334
"385",190,2017-03-02 00:00:00,41,12023
"386",190,2017-03-02 00:30:00,41,12307
"387",190,2017-03-02 01:00:00,35,8973
"388",190,2017-03-02 01:30:00,38,6691
"389",190,2017-03-02 02:00:00,34,6949
"390",190,2017-03-02 02:30:00,32,7049
"391",190,2017-03-02 03:00:00,33,5779
"392",190,2017-03-02 03:30:00,34,6248
"393",190,2017-03-02 04:00:00,34,4654
"394",190,2017-03-02 04:30:00,36,4125
"395",190,2017-03-02 05:00:00,35,3133
"396",190,2017-03-02 05:30:00,35,3514
"397",190,2017-03-02 06:00:00,40,5048
"398",190,2017-03-02 06:30:00,35,7146
"399",190,2017-03-02 07:00:00,34,6739
"400",190,2017-03-02 07:30:00,29,10116
"401",190,2017-03-02 08:00:00,26,11066
"402",190,2017-03-02 08:30:00,25,14905
"403",190,2017-03-02 09:00:00,33,13802
"404",190,2017-03-02 09:30:00,32,8492
"405",190,2017-03-02 10:00:00,33,13326
"406",190,2017-03-02 10:30:00,33,10653
"407",190,2017-03-02 11:00:00,33,11243
"408",190,2017-03-02 11:30:00,33,14035
"409",190,2017-03-02 12:00:00,33,12052
"410",190,2017-03-02 12:30:00,32,11352
"411",190,2017-03-02 13:00:00,34,12088
"412",190,2017-03-02 13:30:00,31,13530
"413",190,2017-03-02 14:00:00,30,14125
"414",190,2017-03-02 14:30:00,31,12021
"415",190,2017-03-02 15:00:00,31,14892
"416",190,2017-03-02 15:30:00,31,13712
"417",190,2017-03-02 16:00:00,30,15741
"418",190,2017-03-02 16:30:00,31,17813
"419",190,2017-03-02 17:00:00,30,16243
"420",190,2017-03-02 17:30:00,29,13926
"421",190,2017-03-02 18:00:00,27,15174
"422",190,2017-03-02 18:30:00,26,17008
"423",190,2017-03-02 19:00:00,31,12552
"424",190,2017-03-02 19:30:00,34,11984
"425",190,2017-03-02 20:00:00,35,13933
"426",190,2017-03-02 20:30:00,36,11745
"427",190,2017-03-02 21:00:00,36,15671
"428",190,2017-03-02 21:30:00,35,12533
"429",190,2017-03-02 22:00:00,40,11856
"430",190,2017-03-02 22:30:00,41,13533
"431",190,2017-03-02 23:00:00,41,12867
"432",190,2017-03-02 23:30:00,41,11788
"433",191,2017-03-02 00:00:00,43,24156
"434",191,2017-03-02 00:30:00,44,19529
"435",191,2017-03-02 01:00:00,43,16011
"436",191,2017-03-02 01:30:00,42,14752
"437",191,2017-03-02 02:00:00,40,12799
"438",191,2017-03-02 02:30:00,42,9277
"439",191,2017-03-02 03:00:00,43,7824
"440",191,2017-03-02 03:30:00,39,8701
"441",191,2017-03-02 04:00:00,45,5946
"442",191,2017-03-02 04:30:00,38,5703
"443",191,2017-03-02 05:00:00,40,7315
"444",191,2017-03-02 05:30:00,43,5279
"445",191,2017-03-02 06:00:00,42,6648
"446",191,2017-03-02 06:30:00,41,9200
"447",191,2017-03-02 07:00:00,35,11594
"448",191,2017-03-02 07:30:00,32,16707
"449",191,2017-03-02 08:00:00,26,22015
"450",191,2017-03-02 08:30:00,28,22088
"451",191,2017-03-02 09:00:00,35,16671
"452",191,2017-03-02 09:30:00,35,18682
"453",191,2017-03-02 10:00:00,35,16267
"454",191,2017-03-02 10:30:00,34,16709
"455",191,2017-03-02 11:00:00,33,21342
"456",191,2017-03-02 11:30:00,32,16631
"457",191,2017-03-02 12:00:00,34,16433
"458",191,2017-03-02 12:30:00,35,15893
"459",191,2017-03-02 13:00:00,35,17108
"460",191,2017-03-02 13:30:00,33,16075
"461",191,2017-03-02 14:00:00,32,20578
"462",191,2017-03-02 14:30:00,32,16448
"463",191,2017-03-02 15:00:00,32,20060
"464",191,2017-03-02 15:30:00,33,22329
"465",191,2017-03-02 16:00:00,33,21158
"466",191,2017-03-02 16:30:00,32,20861
"467",191,2017-03-02 17:00:00,30,22750
"468",191,2017-03-02 17:30:00,30,24586
"469",191,2017-03-02 18:00:00,28,20283
"470",191,2017-03-02 18:30:00,29,22698
"471",191,2017-03-02 19:00:00,31,24461
"472",191,2017-03-02 19:30:00,34,26293
"473",191,2017-03-02 20:00:00,35,25683
"474",191,2017-03-02 20:30:00,37,26896
"475",191,2017-03-02 21:00:00,38,25575
"476",191,2017-03-02 21:30:00,39,31480
"477",191,2017-03-02 22:00:00,40,27536
"478",191,2017-03-02 22:30:00,41,28761
"479",191,2017-03-02 23:00:00,44,25921
"480",191,2017-03-02 23:30:00,48,25199
"481",194,2017-03-02 00:00:00,42,4245
"482",194,2017-03-02 00:30:00,42,3026
"483",194,2017-03-02 01:00:00,42,3056
"484",194,2017-03-02 01:30:00,45,2109
"485",194,2017-03-02 02:00:00,42,1777
"486",194,2017-03-02 02:30:00,37,1853
"487",194,2017-03-02 03:00:00,38,1916
"488",194,2017-03-02 03:30:00,40,1705
"489",194,2017-03-02 04:00:00,39,1533
"490",194,2017-03-02 04:30:00,49,1142
"491",194,2017-03-02 05:00:00,40,1018
"492",194,2017-03-02 05:30:00,42,1016
"493",194,2017-03-02 06:00:00,41,1967
"494",194,2017-03-02 06:30:00,34,2593
"495",194,2017-03-02 07:00:00,37,4542
"496",194,2017-03-02 07:30:00,28,5400
"497",194,2017-03-02 08:00:00,32,4961
"498",194,2017-03-02 08:30:00,31,5055
"499",194,2017-03-02 09:00:00,29,6608
"500",194,2017-03-02 09:30:00,42,3141
"501",194,2017-03-02 10:00:00,38,4309
"502",194,2017-03-02 10:30:00,37,3067
"503",194,2017-03-02 11:00:00,40,3385
"504",194,2017-03-02 11:30:00,35,3595
"505",194,2017-03-02 12:00:00,37,3909
"506",194,2017-03-02 12:30:00,42.5,3100
"507",194,2017-03-02 13:00:00,39,3245
"508",194,2017-03-02 13:30:00,45,3455
"509",194,2017-03-02 14:00:00,34,3176
"510",194,2017-03-02 14:30:00,28,3496
"511",194,2017-03-02 15:00:00,40,2383
"512",194,2017-03-02 15:30:00,38,4289
"513",194,2017-03-02 16:00:00,32,4548
"514",194,2017-03-02 16:30:00,41,2825
"515",194,2017-03-02 17:00:00,35,3832
"516",194,2017-03-02 17:30:00,33,5566
"517",194,2017-03-02 18:00:00,31,6476
"518",194,2017-03-02 18:30:00,27,6983
"519",194,2017-03-02 19:00:00,34,6267
"520",194,2017-03-02 19:30:00,33,5148
"521",194,2017-03-02 20:00:00,35,4135
"522",194,2017-03-02 20:30:00,35,4549
"523",194,2017-03-02 21:00:00,36,4042
"524",194,2017-03-02 21:30:00,33,6918
"525",194,2017-03-02 22:00:00,37,4332
"526",194,2017-03-02 22:30:00,40,5180
"527",194,2017-03-02 23:00:00,38,5476
"528",194,2017-03-02 23:30:00,41,5166
"529",196,2017-03-02 00:00:00,35,23548
"530",196,2017-03-02 00:30:00,34,21461
"531",196,2017-03-02 01:00:00,34,15881
"532",196,2017-03-02 01:30:00,33,18382
"533",196,2017-03-02 02:00:00,33,20298
"534",196,2017-03-02 02:30:00,31,14974
"535",196,2017-03-02 03:00:00,34,9998
"536",196,2017-03-02 03:30:00,34,9286
"537",196,2017-03-02 04:00:00,34,8288
"538",196,2017-03-02 04:30:00,35,6504
"539",196,2017-03-02 05:00:00,36,5658
"540",196,2017-03-02 05:30:00,34,5060
"541",196,2017-03-02 06:00:00,34,9576
"542",196,2017-03-02 06:30:00,35,11859
"543",196,2017-03-02 07:00:00,36,11719
"544",196,2017-03-02 07:30:00,32,13793
"545",196,2017-03-02 08:00:00,30,11295
"546",196,2017-03-02 08:30:00,30,12303
"547",196,2017-03-02 09:00:00,36,12135
"548",196,2017-03-02 09:30:00,32,11286
"549",196,2017-03-02 10:00:00,33,13301
"550",196,2017-03-02 10:30:00,34,11707
"551",196,2017-03-02 11:00:00,33,12123
"552",196,2017-03-02 11:30:00,31,12582
"553",196,2017-03-02 12:00:00,31,14028
"554",196,2017-03-02 12:30:00,34,16592
"555",196,2017-03-02 13:00:00,31,15919
"556",196,2017-03-02 13:30:00,32,14044
"557",196,2017-03-02 14:00:00,35,15327
"558",196,2017-03-02 14:30:00,33,15347
"559",196,2017-03-02 15:00:00,29,15661
"560",196,2017-03-02 15:30:00,33,13309
"561",196,2017-03-02 16:00:00,29,17420
"562",196,2017-03-02 16:30:00,28,20668
"563",196,2017-03-02 17:00:00,30,18295
"564",196,2017-03-02 17:30:00,30,19444
"565",196,2017-03-02 18:00:00,28,20394
"566",196,2017-03-02 18:30:00,26,23345
"567",196,2017-03-02 19:00:00,28,26681
"568",196,2017-03-02 19:30:00,29,24360
"569",196,2017-03-02 20:00:00,29,24230
"570",196,2017-03-02 20:30:00,33,20589
"571",196,2017-03-02 21:00:00,31,25787
"572",196,2017-03-02 21:30:00,32,31317
"573",196,2017-03-02 22:00:00,32,25361
"574",196,2017-03-02 22:30:00,33,25879
"575",196,2017-03-02 23:00:00,35,27758
"576",196,2017-03-02 23:30:00,38,23968
"577",199,2017-03-02 00:00:00,38,11023
"578",199,2017-03-02 00:30:00,37,12179
"579",199,2017-03-02 01:00:00,35,10659
"580",199,2017-03-02 01:30:00,36,8124
"581",199,2017-03-02 02:00:00,34,7619
"582",199,2017-03-02 02:30:00,37,5178
"583",199,2017-03-02 03:00:00,38,5269
"584",199,2017-03-02 03:30:00,36,3938
"585",199,2017-03-02 04:00:00,37,4185
"586",199,2017-03-02 04:30:00,36,2739
"587",199,2017-03-02 05:00:00,32,2762
"588",199,2017-03-02 05:30:00,36,4072
"589",199,2017-03-02 06:00:00,33,4630
"590",199,2017-03-02 06:30:00,34,5936
"591",199,2017-03-02 07:00:00,31,7099
"592",199,2017-03-02 07:30:00,27,9495
"593",199,2017-03-02 08:00:00,27,10534
"594",199,2017-03-02 08:30:00,28,11981
"595",199,2017-03-02 09:00:00,29,11551
"596",199,2017-03-02 09:30:00,30,9868
"597",199,2017-03-02 10:00:00,32,9102
"598",199,2017-03-02 10:30:00,31,9397
"599",199,2017-03-02 11:00:00,31,11349
"600",199,2017-03-02 11:30:00,30,10797
"601",199,2017-03-02 12:00:00,31,9256
"602",199,2017-03-02 12:30:00,31,8964
"603",199,2017-03-02 13:00:00,29,11868
"604",199,2017-03-02 13:30:00,27,12259
"605",199,2017-03-02 14:00:00,30,10953
"606",199,2017-03-02 14:30:00,28,9703
"607",199,2017-03-02 15:00:00,30,12860
"608",199,2017-03-02 15:30:00,28,13932
"609",199,2017-03-02 16:00:00,31,11332
"610",199,2017-03-02 16:30:00,30,11079
"611",199,2017-03-02 17:00:00,28,15087
"612",199,2017-03-02 17:30:00,29,15440
"613",199,2017-03-02 18:00:00,27,12987
"614",199,2017-03-02 18:30:00,28,12908
"615",199,2017-03-02 19:00:00,28,13246
"616",199,2017-03-02 19:30:00,32,15406
"617",199,2017-03-02 20:00:00,32,14895
"618",199,2017-03-02 20:30:00,31,13470
"619",199,2017-03-02 21:00:00,31,14374
"620",199,2017-03-02 21:30:00,32,16715
"621",199,2017-03-02 22:00:00,33,17025
"622",199,2017-03-02 22:30:00,34,17090
"623",199,2017-03-02 23:00:00,38,14398
"624",199,2017-03-02 23:30:00,40,13281
"625",206,2017-03-02 00:00:00,36,11157
"626",206,2017-03-02 00:30:00,38,7768
"627",206,2017-03-02 01:00:00,35,5536
"628",206,2017-03-02 01:30:00,41,5695
"629",206,2017-03-02 02:00:00,43,3821
"630",206,2017-03-02 02:30:00,39,3359
"631",206,2017-03-02 03:00:00,43,2262
"632",206,2017-03-02 03:30:00,43,2524
"633",206,2017-03-02 04:00:00,39,2496
"634",206,2017-03-02 04:30:00,38,2613
"635",206,2017-03-02 05:00:00,36,2643
"636",206,2017-03-02 05:30:00,34,3339
"637",206,2017-03-02 06:00:00,34,4379
"638",206,2017-03-02 06:30:00,31,5541
"639",206,2017-03-02 07:00:00,29,7604
"640",206,2017-03-02 07:30:00,29,9168
"641",206,2017-03-02 08:00:00,28,10702
"642",206,2017-03-02 08:30:00,30,9874
"643",206,2017-03-02 09:00:00,29,7234
"644",206,2017-03-02 09:30:00,34,7140
"645",206,2017-03-02 10:00:00,35,8067
"646",206,2017-03-02 10:30:00,36,7614
"647",206,2017-03-02 11:00:00,31,10387
"648",206,2017-03-02 11:30:00,32,8291
"649",206,2017-03-02 12:00:00,33,8521
"650",206,2017-03-02 12:30:00,35,8972
"651",206,2017-03-02 13:00:00,34,8400
"652",206,2017-03-02 13:30:00,33,10178
"653",206,2017-03-02 14:00:00,31,11001
"654",206,2017-03-02 14:30:00,28,8815
"655",206,2017-03-02 15:00:00,33,10634
"656",206,2017-03-02 15:30:00,31,11015
"657",206,2017-03-02 16:00:00,31,9729
"658",206,2017-03-02 16:30:00,29,10177
"659",206,2017-03-02 17:00:00,28,15036
"660",206,2017-03-02 17:30:00,31,13489
"661",206,2017-03-02 18:00:00,27,16218
"662",206,2017-03-02 18:30:00,30,14767
"663",206,2017-03-02 19:00:00,32,13911
"664",206,2017-03-02 19:30:00,32,15068
"665",206,2017-03-02 20:00:00,34,12008
"666",206,2017-03-02 20:30:00,34,11824
"667",206,2017-03-02 21:00:00,34,12458
"668",206,2017-03-02 21:30:00,35,12221
"669",206,2017-03-02 22:00:00,34,11850
"670",206,2017-03-02 22:30:00,38,11584
"671",206,2017-03-02 23:00:00,39,11805
"672",206,2017-03-02 23:30:00,42,9836
"673",225,2017-03-02 00:00:00,45,19243
"674",225,2017-03-02 00:30:00,42,17150
"675",225,2017-03-02 01:00:00,42,15207
"676",225,2017-03-02 01:30:00,38,14715
"677",225,2017-03-02 02:00:00,39,14126
"678",225,2017-03-02 02:30:00,33,12180
"679",225,2017-03-02 03:00:00,39,8741
"680",225,2017-03-02 03:30:00,34,10337
"681",225,2017-03-02 04:00:00,34,8638
"682",225,2017-03-02 04:30:00,34,7202
"683",225,2017-03-02 05:00:00,37,6128
"684",225,2017-03-02 05:30:00,44,5487
"685",225,2017-03-02 06:00:00,39,5433
"686",225,2017-03-02 06:30:00,41,8155
"687",225,2017-03-02 07:00:00,35,11552
"688",225,2017-03-02 07:30:00,28,11079
"689",225,2017-03-02 08:00:00,24,14443
"690",225,2017-03-02 08:30:00,25,15881
"691",225,2017-03-02 09:00:00,34,17009
"692",225,2017-03-02 09:30:00,36,14529
"693",225,2017-03-02 10:00:00,34,19463
"694",225,2017-03-02 10:30:00,30,18778
"695",225,2017-03-02 11:00:00,33,17581
"696",225,2017-03-02 11:30:00,32,18427
"697",225,2017-03-02 12:00:00,34,16171
"698",225,2017-03-02 12:30:00,33,16535
"699",225,2017-03-02 13:00:00,31,20893
"700",225,2017-03-02 13:30:00,31,21752
"701",225,2017-03-02 14:00:00,33,22345
"702",225,2017-03-02 14:30:00,31,23967
"703",225,2017-03-02 15:00:00,32,26093
"704",225,2017-03-02 15:30:00,32,25585
"705",225,2017-03-02 16:00:00,32,25436
"706",225,2017-03-02 16:30:00,31,24088
"707",225,2017-03-02 17:00:00,32,20373
"708",225,2017-03-02 17:30:00,32,18452
"709",225,2017-03-02 18:00:00,31,16158
"710",225,2017-03-02 18:30:00,30,15024
"711",225,2017-03-02 19:00:00,34,17852
"712",225,2017-03-02 19:30:00,40,16594
"713",225,2017-03-02 20:00:00,39,18953
"714",225,2017-03-02 20:30:00,41,18642
"715",225,2017-03-02 21:00:00,39,20504
"716",225,2017-03-02 21:30:00,41,21181
"717",225,2017-03-02 22:00:00,42,21038
"718",225,2017-03-02 22:30:00,45,21139
"719",225,2017-03-02 23:00:00,44,20666
"720",225,2017-03-02 23:30:00,46,18019
"721",229,2017-03-02 00:00:00,43,23883
"722",229,2017-03-02 00:30:00,43,22721
"723",229,2017-03-02 01:00:00,42,17450
"724",229,2017-03-02 01:30:00,39,15701
"725",229,2017-03-02 02:00:00,35,15696
"726",229,2017-03-02 02:30:00,39,12375
"727",229,2017-03-02 03:00:00,39,10802
"728",229,2017-03-02 03:30:00,36,10042
"729",229,2017-03-02 04:00:00,39,7080
"730",229,2017-03-02 04:30:00,43,6635
"731",229,2017-03-02 05:00:00,40,6396
"732",229,2017-03-02 05:30:00,38,9903
"733",229,2017-03-02 06:00:00,38,12733
"734",229,2017-03-02 06:30:00,37,14728
"735",229,2017-03-02 07:00:00,37,15433
"736",229,2017-03-02 07:30:00,33,17297
"737",229,2017-03-02 08:00:00,33,22035
"738",229,2017-03-02 08:30:00,36,21146
"739",229,2017-03-02 09:00:00,36,23893
"740",229,2017-03-02 09:30:00,34,20409
"741",229,2017-03-02 10:00:00,37,20176
"742",229,2017-03-02 10:30:00,35,19379
"743",229,2017-03-02 11:00:00,33,23556
"744",229,2017-03-02 11:30:00,33,25777
"745",229,2017-03-02 12:00:00,34,20127
"746",229,2017-03-02 12:30:00,35,20177
"747",229,2017-03-02 13:00:00,35,24873
"748",229,2017-03-02 13:30:00,33,25548
"749",229,2017-03-02 14:00:00,32,23873
"750",229,2017-03-02 14:30:00,32,24525
"751",229,2017-03-02 15:00:00,33,25365
"752",229,2017-03-02 15:30:00,33,28259
"753",229,2017-03-02 16:00:00,33,27604
"754",229,2017-03-02 16:30:00,32,26562
"755",229,2017-03-02 17:00:00,32,29345
"756",229,2017-03-02 17:30:00,32,27696
"757",229,2017-03-02 18:00:00,30,27390
"758",229,2017-03-02 18:30:00,28,29215
"759",229,2017-03-02 19:00:00,30,30880
"760",229,2017-03-02 19:30:00,35,28753
"761",229,2017-03-02 20:00:00,37,29298
"762",229,2017-03-02 20:30:00,38,27191
"763",229,2017-03-02 21:00:00,35,32624
"764",229,2017-03-02 21:30:00,36,34516
"765",229,2017-03-02 22:00:00,38,31676
"766",229,2017-03-02 22:30:00,43,26638
"767",229,2017-03-02 23:00:00,42,28659
"768",229,2017-03-02 23:30:00,44,24564
"769",230,2017-03-02 00:00:00,31,17054
"770",230,2017-03-02 00:30:00,30,14706
"771",230,2017-03-02 01:00:00,30,11540
"772",230,2017-03-02 01:30:00,26,12508
"773",230,2017-03-02 02:00:00,26,13473
"774",230,2017-03-02 02:30:00,29,9337
"775",230,2017-03-02 03:00:00,30,5707
"776",230,2017-03-02 03:30:00,30,6841
"777",230,2017-03-02 04:00:00,28,3989
"778",230,2017-03-02 04:30:00,30,3774
"779",230,2017-03-02 05:00:00,32,4186
"780",230,2017-03-02 05:30:00,30,3796
"781",230,2017-03-02 06:00:00,29,4843
"782",230,2017-03-02 06:30:00,29,6993
"783",230,2017-03-02 07:00:00,30,6758
"784",230,2017-03-02 07:30:00,32,6984
"785",230,2017-03-02 08:00:00,30,5173
"786",230,2017-03-02 08:30:00,34,5225
"787",230,2017-03-02 09:00:00,34,5828
"788",230,2017-03-02 09:30:00,29,4504
"789",230,2017-03-02 10:00:00,32,6311
"790",230,2017-03-02 10:30:00,31,5747
"791",230,2017-03-02 11:00:00,31,6599
"792",230,2017-03-02 11:30:00,30,5493
"793",230,2017-03-02 12:00:00,28,7662
"794",230,2017-03-02 12:30:00,29,6875
"795",230,2017-03-02 13:00:00,29,8128
"796",230,2017-03-02 13:30:00,29,7619
"797",230,2017-03-02 14:00:00,28,8860
"798",230,2017-03-02 14:30:00,28,9973
"799",230,2017-03-02 15:00:00,28,7917
"800",230,2017-03-02 15:30:00,28,8814
"801",230,2017-03-02 16:00:00,27,9168
"802",230,2017-03-02 16:30:00,29,9906
"803",230,2017-03-02 17:00:00,28,8394
"804",230,2017-03-02 17:30:00,27,9626
"805",230,2017-03-02 18:00:00,25,10191
"806",230,2017-03-02 18:30:00,23,17390
"807",230,2017-03-02 19:00:00,24,18390
"808",230,2017-03-02 19:30:00,25,14046
"809",230,2017-03-02 20:00:00,26,13850
"810",230,2017-03-02 20:30:00,28,14948
"811",230,2017-03-02 21:00:00,27,14895
"812",230,2017-03-02 21:30:00,26,18506
"813",230,2017-03-02 22:00:00,29,18019
"814",230,2017-03-02 22:30:00,32,16073
"815",230,2017-03-02 23:00:00,31,18431
"816",230,2017-03-02 23:30:00,32,15976
"817",231,2017-03-02 00:00:00,30,39551
"818",231,2017-03-02 00:30:00,29,43177
"819",231,2017-03-02 01:00:00,29,28142
"820",231,2017-03-02 01:30:00,29,23530
"821",231,2017-03-02 02:00:00,30,21291
"822",231,2017-03-02 02:30:00,29,16236
"823",231,2017-03-02 03:00:00,30,13660
"824",231,2017-03-02 03:30:00,29,11912
"825",231,2017-03-02 04:00:00,27,13255
"826",231,2017-03-02 04:30:00,32,7566
"827",231,2017-03-02 05:00:00,31,6054
"828",231,2017-03-02 05:30:00,33,10918
"829",231,2017-03-02 06:00:00,33,11070
"830",231,2017-03-02 06:30:00,30,13775
"831",231,2017-03-02 07:00:00,31,12484
"832",231,2017-03-02 07:30:00,30,14430
"833",231,2017-03-02 08:00:00,29,15359
"834",231,2017-03-02 08:30:00,28,19723
"835",231,2017-03-02 09:00:00,28,19660
"836",231,2017-03-02 09:30:00,28,16789
"837",231,2017-03-02 10:00:00,28,22436
"838",231,2017-03-02 10:30:00,28,21025
"839",231,2017-03-02 11:00:00,28,20685
"840",231,2017-03-02 11:30:00,27,27919
"841",231,2017-03-02 12:00:00,25,26281
"842",231,2017-03-02 12:30:00,27,19264
"843",231,2017-03-02 13:00:00,26,25825
"844",231,2017-03-02 13:30:00,26,25679
"845",231,2017-03-02 14:00:00,26,28708
"846",231,2017-03-02 14:30:00,26,25259
"847",231,2017-03-02 15:00:00,25,29618
"848",231,2017-03-02 15:30:00,25,30030
"849",231,2017-03-02 16:00:00,26,31326
"850",231,2017-03-02 16:30:00,26,32685
"851",231,2017-03-02 17:00:00,25,39078
"852",231,2017-03-02 17:30:00,25,38222
"853",231,2017-03-02 18:00:00,25,35176
"854",231,2017-03-02 18:30:00,24,34655
"855",231,2017-03-02 19:00:00,24,39147
"856",231,2017-03-02 19:30:00,27,40992
"857",231,2017-03-02 20:00:00,26,41969
"858",231,2017-03-02 20:30:00,27,38961
"859",231,2017-03-02 21:00:00,27,41265
"860",231,2017-03-02 21:30:00,28,39497
"861",231,2017-03-02 22:00:00,29,45128
"862",231,2017-03-02 22:30:00,30,45187
"863",231,2017-03-02 23:00:00,32,34331
"864",231,2017-03-02 23:30:00,32,32578
"865",233,2017-03-02 00:00:00,54,15874
"866",233,2017-03-02 00:30:00,54,13085
"867",233,2017-03-02 01:00:00,54,10720
"868",233,2017-03-02 01:30:00,51,7840
"869",233,2017-03-02 02:00:00,50,7611
"870",233,2017-03-02 02:30:00,49,5342
"871",233,2017-03-02 03:00:00,50,5692
"872",233,2017-03-02 03:30:00,48,4962
"873",233,2017-03-02 04:00:00,45,4656
"874",233,2017-03-02 04:30:00,48,4907
"875",233,2017-03-02 05:00:00,47,5018
"876",233,2017-03-02 05:30:00,51,3679
"877",233,2017-03-02 06:00:00,45,5856
"878",233,2017-03-02 06:30:00,42,8002
"879",233,2017-03-02 07:00:00,38,9293
"880",233,2017-03-02 07:30:00,28,10114
"881",233,2017-03-02 08:00:00,31,13505
"882",233,2017-03-02 08:30:00,31,15608
"883",233,2017-03-02 09:00:00,39,16055
"884",233,2017-03-02 09:30:00,38,14125
"885",233,2017-03-02 10:00:00,37,13467
"886",233,2017-03-02 10:30:00,38,11392
"887",233,2017-03-02 11:00:00,39,12739
"888",233,2017-03-02 11:30:00,38,10095
"889",233,2017-03-02 12:00:00,42,11750
"890",233,2017-03-02 12:30:00,42,10678
"891",233,2017-03-02 13:00:00,39,13131
"892",233,2017-03-02 13:30:00,39,13554
"893",233,2017-03-02 14:00:00,39,15157
"894",233,2017-03-02 14:30:00,40,12142
"895",233,2017-03-02 15:00:00,37,14339
"896",233,2017-03-02 15:30:00,36,13475
"897",233,2017-03-02 16:00:00,37,14544
"898",233,2017-03-02 16:30:00,36,14795
"899",233,2017-03-02 17:00:00,38,14305
"900",233,2017-03-02 17:30:00,35,14827
"901",233,2017-03-02 18:00:00,31,17692
"902",233,2017-03-02 18:30:00,31,18487
"903",233,2017-03-02 19:00:00,38,15792
"904",233,2017-03-02 19:30:00,40,13960
"905",233,2017-03-02 20:00:00,42,16844
"906",233,2017-03-02 20:30:00,45,16207
"907",233,2017-03-02 21:00:00,44,18832
"908",233,2017-03-02 21:30:00,46,18566
"909",233,2017-03-02 22:00:00,48,19040
"910",233,2017-03-02 22:30:00,51,19176
"911",233,2017-03-02 23:00:00,53,20662
"912",233,2017-03-02 23:30:00,54,18678
"913",240,2017-03-02 00:00:00,44,16663
"914",240,2017-03-02 00:30:00,41,16606
"915",240,2017-03-02 01:00:00,42,12143
"916",240,2017-03-02 01:30:00,40,12678
"917",240,2017-03-02 02:00:00,38,11463
"918",240,2017-03-02 02:30:00,41,9430
"919",240,2017-03-02 03:00:00,41,7228
"920",240,2017-03-02 03:30:00,41,7522
"921",240,2017-03-02 04:00:00,42,5017
"922",240,2017-03-02 04:30:00,44,5038
"923",240,2017-03-02 05:00:00,42,4677
"924",240,2017-03-02 05:30:00,39,6103
"925",240,2017-03-02 06:00:00,39,8103
"926",240,2017-03-02 06:30:00,37,11829
"927",240,2017-03-02 07:00:00,35,9760
"928",240,2017-03-02 07:30:00,33,11537
"929",240,2017-03-02 08:00:00,30,15680
"930",240,2017-03-02 08:30:00,32,14694
"931",240,2017-03-02 09:00:00,35,13121
"932",240,2017-03-02 09:30:00,36,9942
"933",240,2017-03-02 10:00:00,36,14578
"934",240,2017-03-02 10:30:00,36,11018
"935",240,2017-03-02 11:00:00,35,13161
"936",240,2017-03-02 11:30:00,37,14887
"937",240,2017-03-02 12:00:00,34,13685
"938",240,2017-03-02 12:30:00,37,13848
"939",240,2017-03-02 13:00:00,36,16833
"940",240,2017-03-02 13:30:00,35,14964
"941",240,2017-03-02 14:00:00,35,12731
"942",240,2017-03-02 14:30:00,35,15061
"943",240,2017-03-02 15:00:00,35,16965
"944",240,2017-03-02 15:30:00,37,15071
"945",240,2017-03-02 16:00:00,35,14077
"946",240,2017-03-02 16:30:00,31,19235
"947",240,2017-03-02 17:00:00,32,19475
"948",240,2017-03-02 17:30:00,33,18545
"949",240,2017-03-02 18:00:00,30,20080
"950",240,2017-03-02 18:30:00,28,20374
"951",240,2017-03-02 19:00:00,32,25544
"952",240,2017-03-02 19:30:00,37,19470
"953",240,2017-03-02 20:00:00,36,20033
"954",240,2017-03-02 20:30:00,38,20288
"955",240,2017-03-02 21:00:00,36,23449
"956",240,2017-03-02 21:30:00,38,25252
"957",240,2017-03-02 22:00:00,38,21225
"958",240,2017-03-02 22:30:00,40,18150
"959",240,2017-03-02 23:00:00,41,22930
"960",240,2017-03-02 23:30:00,43,18336
"961",241,2017-03-02 00:00:00,41,13674
"962",241,2017-03-02 00:30:00,39,14439
"963",241,2017-03-02 01:00:00,41,9780
"964",241,2017-03-02 01:30:00,38,10694
"965",241,2017-03-02 02:00:00,37,7041
"966",241,2017-03-02 02:30:00,37,7187
"967",241,2017-03-02 03:00:00,40,5946
"968",241,2017-03-02 03:30:00,37,5254
"969",241,2017-03-02 04:00:00,42,4816
"970",241,2017-03-02 04:30:00,39,4593
"971",241,2017-03-02 05:00:00,43,3224
"972",241,2017-03-02 05:30:00,41,3702
"973",241,2017-03-02 06:00:00,36,5839
"974",241,2017-03-02 06:30:00,34,7346
"975",241,2017-03-02 07:00:00,34,7896
"976",241,2017-03-02 07:30:00,30,12133
"977",241,2017-03-02 08:00:00,29,11458
"978",241,2017-03-02 08:30:00,29,17459
"979",241,2017-03-02 09:00:00,30,14206
"980",241,2017-03-02 09:30:00,26,16582
"981",241,2017-03-02 10:00:00,28,13929
"982",241,2017-03-02 10:30:00,31,11378
"983",241,2017-03-02 11:00:00,30,16714
"984",241,2017-03-02 11:30:00,29,12967
"985",241,2017-03-02 12:00:00,28,13748
"986",241,2017-03-02 12:30:00,31,12639
"987",241,2017-03-02 13:00:00,30,13359
"988",241,2017-03-02 13:30:00,28,16715
"989",241,2017-03-02 14:00:00,29,16649
"990",241,2017-03-02 14:30:00,29,11765
"991",241,2017-03-02 15:00:00,30,14058
"992",241,2017-03-02 15:30:00,27,14569
"993",241,2017-03-02 16:00:00,30,14357
"994",241,2017-03-02 16:30:00,29,13660
"995",241,2017-03-02 17:00:00,28,16937
"996",241,2017-03-02 17:30:00,29,16115
"997",241,2017-03-02 18:00:00,26,15386
"998",241,2017-03-02 18:30:00,25,15598
"999",241,2017-03-02 19:00:00,29,14965
"1000",241,2017-03-02 19:30:00,33,16381
"1001",241,2017-03-02 20:00:00,34,16813
"1002",241,2017-03-02 20:30:00,34,16866
"1003",241,2017-03-02 21:00:00,32,19001
"1004",241,2017-03-02 21:30:00,33,18958
"1005",241,2017-03-02 22:00:00,36,19942
"1006",241,2017-03-02 22:30:00,37,19000
"1007",241,2017-03-02 23:00:00,39,18902
"1008",241,2017-03-02 23:30:00,41,20549
"1009",245,2017-03-02 00:00:00,42,18193
"1010",245,2017-03-02 00:30:00,40,16949
"1011",245,2017-03-02 01:00:00,44,11158
"1012",245,2017-03-02 01:30:00,39,13055
"1013",245,2017-03-02 02:00:00,39,7463
"1014",245,2017-03-02 02:30:00,33,8854
"1015",245,2017-03-02 03:00:00,38,7392
"1016",245,2017-03-02 03:30:00,37,6090
"1017",245,2017-03-02 04:00:00,43,4213
"1018",245,2017-03-02 04:30:00,38,3894
"1019",245,2017-03-02 05:00:00,45,4164
"1020",245,2017-03-02 05:30:00,46,3455
"1021",245,2017-03-02 06:00:00,43,4357
"1022",245,2017-03-02 06:30:00,40,5057
"1023",245,2017-03-02 07:00:00,38,6466
"1024",245,2017-03-02 07:30:00,32,8940
"1025",245,2017-03-02 08:00:00,30,13191
"1026",245,2017-03-02 08:30:00,34,12394
"1027",245,2017-03-02 09:00:00,34,10105
"1028",245,2017-03-02 09:30:00,34,11507
"1029",245,2017-03-02 10:00:00,34,11227
"1030",245,2017-03-02 10:30:00,36,9777
"1031",245,2017-03-02 11:00:00,31,13982
"1032",245,2017-03-02 11:30:00,31,13169
"1033",245,2017-03-02 12:00:00,32,12611
"1034",245,2017-03-02 12:30:00,35,9966
"1035",245,2017-03-02 13:00:00,32,10116
"1036",245,2017-03-02 13:30:00,33,12156
"1037",245,2017-03-02 14:00:00,31,14372
"1038",245,2017-03-02 14:30:00,33,10635
"1039",245,2017-03-02 15:00:00,31,13057
"1040",245,2017-03-02 15:30:00,32,11709
"1041",245,2017-03-02 16:00:00,33,14320
"1042",245,2017-03-02 16:30:00,31,12429
"1043",245,2017-03-02 17:00:00,30,13878
"1044",245,2017-03-02 17:30:00,29,15503
"1045",245,2017-03-02 18:00:00,30,14662
"1046",245,2017-03-02 18:30:00,31,14938
"1047",245,2017-03-02 19:00:00,31,16025
"1048",245,2017-03-02 19:30:00,34,13864
"1049",245,2017-03-02 20:00:00,34,18644
"1050",245,2017-03-02 20:30:00,35,15671
"1051",245,2017-03-02 21:00:00,34,18533
"1052",245,2017-03-02 21:30:00,34,20065
"1053",245,2017-03-02 22:00:00,36,24695
"1054",245,2017-03-02 22:30:00,39,20391
"1055",245,2017-03-02 23:00:00,41,22009
"1056",245,2017-03-02 23:30:00,42,19786
"1057",246,2017-03-02 00:00:00,37,22040
"1058",246,2017-03-02 00:30:00,38,16248
"1059",246,2017-03-02 01:00:00,42,9686
"1060",246,2017-03-02 01:30:00,43,8567
"1061",246,2017-03-02 02:00:00,42,8958
"1062",246,2017-03-02 02:30:00,43,6536
"1063",246,2017-03-02 03:00:00,43,4233
"1064",246,2017-03-02 03:30:00,45,3875
"1065",246,2017-03-02 04:00:00,42,4359
"1066",246,2017-03-02 04:30:00,41,3609
"1067",246,2017-03-02 05:00:00,40,3241
"1068",246,2017-03-02 05:30:00,37,4142
"1069",246,2017-03-02 06:00:00,32,5860
"1070",246,2017-03-02 06:30:00,35,6399
"1071",246,2017-03-02 07:00:00,33,7799
"1072",246,2017-03-02 07:30:00,31,11307
"1073",246,2017-03-02 08:00:00,30,11323
"1074",246,2017-03-02 08:30:00,31,11502
"1075",246,2017-03-02 09:00:00,30,12296
"1076",246,2017-03-02 09:30:00,31,11275
"1077",246,2017-03-02 10:00:00,32,15192
"1078",246,2017-03-02 10:30:00,27,13653
"1079",246,2017-03-02 11:00:00,24,16400
"1080",246,2017-03-02 11:30:00,26,16304
"1081",246,2017-03-02 12:00:00,23,17142
"1082",246,2017-03-02 12:30:00,31,12933
"1083",246,2017-03-02 13:00:00,26,15314
"1084",246,2017-03-02 13:30:00,30,15448
"1085",246,2017-03-02 14:00:00,26,17195
"1086",246,2017-03-02 14:30:00,24,16593
"1087",246,2017-03-02 15:00:00,23,19488
"1088",246,2017-03-02 15:30:00,26,19366
"1089",246,2017-03-02 16:00:00,25,19869
"1090",246,2017-03-02 16:30:00,24,20648
"1091",246,2017-03-02 17:00:00,23,23182
"1092",246,2017-03-02 17:30:00,25,19539
"1093",246,2017-03-02 18:00:00,23,25001
"1094",246,2017-03-02 18:30:00,26,20881
"1095",246,2017-03-02 19:00:00,29,20776
"1096",246,2017-03-02 19:30:00,32,20267
"1097",246,2017-03-02 20:00:00,32,17644
"1098",246,2017-03-02 20:30:00,31,20205
"1099",246,2017-03-02 21:00:00,32,22149
"1100",246,2017-03-02 21:30:00,33,20514
"1101",246,2017-03-02 22:00:00,33,23443
"1102",246,2017-03-02 22:30:00,37,22958
"1103",246,2017-03-02 23:00:00,41,18413
"1104",246,2017-03-02 23:30:00,38,21738
"1105",251,2017-03-02 00:00:00,32,19146
"1106",251,2017-03-02 00:30:00,28,16627
"1107",251,2017-03-02 01:00:00,31,15938
"1108",251,2017-03-02 01:30:00,30,10591
"1109",251,2017-03-02 02:00:00,29,12547
"1110",251,2017-03-02 02:30:00,28,10132
"1111",251,2017-03-02 03:00:00,31,6692
"1112",251,2017-03-02 03:30:00,28,5533
"1113",251,2017-03-02 04:00:00,31,5266
"1114",251,2017-03-02 04:30:00,34,4430
"1115",251,2017-03-02 05:00:00,31,4043
"1116",251,2017-03-02 05:30:00,32,5627
"1117",251,2017-03-02 06:00:00,28,7476
"1118",251,2017-03-02 06:30:00,32,6469
"1119",251,2017-03-02 07:00:00,31,7037
"1120",251,2017-03-02 07:30:00,32,8002
"1121",251,2017-03-02 08:00:00,34,8259
"1122",251,2017-03-02 08:30:00,32,9584
"1123",251,2017-03-02 09:00:00,34,11096
"1124",251,2017-03-02 09:30:00,31,9701
"1125",251,2017-03-02 10:00:00,30,11821
"1126",251,2017-03-02 10:30:00,28,10419
"1127",251,2017-03-02 11:00:00,27,9720
"1128",251,2017-03-02 11:30:00,24,11822
"1129",251,2017-03-02 12:00:00,28,11684
"1130",251,2017-03-02 12:30:00,25,12898
"1131",251,2017-03-02 13:00:00,27,12295
"1132",251,2017-03-02 13:30:00,28,13053
"1133",251,2017-03-02 14:00:00,27,13943
"1134",251,2017-03-02 14:30:00,27,14187
"1135",251,2017-03-02 15:00:00,24,13525
"1136",251,2017-03-02 15:30:00,28,13131
"1137",251,2017-03-02 16:00:00,27,14286
"1138",251,2017-03-02 16:30:00,25,15973
"1139",251,2017-03-02 17:00:00,27,17807
"1140",251,2017-03-02 17:30:00,25,18492
"1141",251,2017-03-02 18:00:00,22,17866
"1142",251,2017-03-02 18:30:00,26,19884
"1143",251,2017-03-02 19:00:00,25,22073
"1144",251,2017-03-02 19:30:00,25,19479
"1145",251,2017-03-02 20:00:00,25,19373
"1146",251,2017-03-02 20:30:00,26,21407
"1147",251,2017-03-02 21:00:00,25,26760
"1148",251,2017-03-02 21:30:00,27,21821
"1149",251,2017-03-02 22:00:00,32,16219
"1150",251,2017-03-02 22:30:00,34,14702
"1151",251,2017-03-02 23:00:00,34,18541
"1152",251,2017-03-02 23:30:00,32,16797
"1153",253,2017-03-02 00:00:00,47,12832
"1154",253,2017-03-02 00:30:00,47,10352
"1155",253,2017-03-02 01:00:00,52,9393
"1156",253,2017-03-02 01:30:00,50,8243
"1157",253,2017-03-02 02:00:00,47,6238
"1158",253,2017-03-02 02:30:00,47,5624
"1159",253,2017-03-02 03:00:00,46.5,5650
"1160",253,2017-03-02 03:30:00,46,5282
"1161",253,2017-03-02 04:00:00,46,4213
"1162",253,2017-03-02 04:30:00,49,3625
"1163",253,2017-03-02 05:00:00,47,3996
"1164",253,2017-03-02 05:30:00,44,2972
"1165",253,2017-03-02 06:00:00,43,4582
"1166",253,2017-03-02 06:30:00,42,6031
"1167",253,2017-03-02 07:00:00,38,7920
"1168",253,2017-03-02 07:30:00,30,10698
"1169",253,2017-03-02 08:00:00,31,9490
"1170",253,2017-03-02 08:30:00,33,12302
"1171",253,2017-03-02 09:00:00,40,10927
"1172",253,2017-03-02 09:30:00,38,10072
"1173",253,2017-03-02 10:00:00,36,10335
"1174",253,2017-03-02 10:30:00,39,8114
"1175",253,2017-03-02 11:00:00,39,8773
"1176",253,2017-03-02 11:30:00,37,9060
"1177",253,2017-03-02 12:00:00,39,9762
"1178",253,2017-03-02 12:30:00,40,10299
"1179",253,2017-03-02 13:00:00,37,9929
"1180",253,2017-03-02 13:30:00,36,10650
"1181",253,2017-03-02 14:00:00,40,10676
"1182",253,2017-03-02 14:30:00,37,8866
"1183",253,2017-03-02 15:00:00,38,9424
"1184",253,2017-03-02 15:30:00,40,10437
"1185",253,2017-03-02 16:00:00,39,11106
"1186",253,2017-03-02 16:30:00,36,10978
"1187",253,2017-03-02 17:00:00,40,11732
"1188",253,2017-03-02 17:30:00,38,12552
"1189",253,2017-03-02 18:00:00,34,14342
"1190",253,2017-03-02 18:30:00,37,14692
"1191",253,2017-03-02 19:00:00,40,12191
"1192",253,2017-03-02 19:30:00,40,12371
"1193",253,2017-03-02 20:00:00,43,11288
"1194",253,2017-03-02 20:30:00,43,12800
"1195",253,2017-03-02 21:00:00,45,15381
"1196",253,2017-03-02 21:30:00,45,14475
"1197",253,2017-03-02 22:00:00,49,12481
"1198",253,2017-03-02 22:30:00,49,14977
"1199",253,2017-03-02 23:00:00,52,14360
"1200",253,2017-03-02 23:30:00,51,13895
"1201",257,2017-03-02 00:00:00,31,11864
"1202",257,2017-03-02 00:30:00,30,7518
"1203",257,2017-03-02 01:00:00,29,6612
"1204",257,2017-03-02 01:30:00,31,6295
"1205",257,2017-03-02 02:00:00,27,6961
"1206",257,2017-03-02 02:30:00,29,6266
"1207",257,2017-03-02 03:00:00,33,3553
"1208",257,2017-03-02 03:30:00,29,3042
"1209",257,2017-03-02 04:00:00,31,2924
"1210",257,2017-03-02 04:30:00,34,1975
"1211",257,2017-03-02 05:00:00,29,2724
"1212",257,2017-03-02 05:30:00,31,1997
"1213",257,2017-03-02 06:00:00,30,2164
"1214",257,2017-03-02 06:30:00,30,4158
"1215",257,2017-03-02 07:00:00,29,4130
"1216",257,2017-03-02 07:30:00,27,5143
"1217",257,2017-03-02 08:00:00,24,2747
"1218",257,2017-03-02 08:30:00,28,3716
"1219",257,2017-03-02 09:00:00,28,3423
"1220",257,2017-03-02 09:30:00,28,4017
"1221",257,2017-03-02 10:00:00,31,3462
"1222",257,2017-03-02 10:30:00,27,2980
"1223",257,2017-03-02 11:00:00,30,2448
"1224",257,2017-03-02 11:30:00,30,2818
"1225",257,2017-03-02 12:00:00,26,3457
"1226",257,2017-03-02 12:30:00,29,4699
"1227",257,2017-03-02 13:00:00,24,3656
"1228",257,2017-03-02 13:30:00,25,3677
"1229",257,2017-03-02 14:00:00,26,4049
"1230",257,2017-03-02 14:30:00,27,3158
"1231",257,2017-03-02 15:00:00,26,4484
"1232",257,2017-03-02 15:30:00,29,4213
"1233",257,2017-03-02 16:00:00,25,4491
"1234",257,2017-03-02 16:30:00,26,4553
"1235",257,2017-03-02 17:00:00,27,4835
"1236",257,2017-03-02 17:30:00,27,6653
"1237",257,2017-03-02 18:00:00,24,8205
"1238",257,2017-03-02 18:30:00,21,9544
"1239",257,2017-03-02 19:00:00,23,12032
"1240",257,2017-03-02 19:30:00,23,8661
"1241",257,2017-03-02 20:00:00,24,9955
"1242",257,2017-03-02 20:30:00,24,13544
"1243",257,2017-03-02 21:00:00,25,9271
"1244",257,2017-03-02 21:30:00,25,13175
"1245",257,2017-03-02 22:00:00,25,14975
"1246",257,2017-03-02 22:30:00,28,14671
"1247",257,2017-03-02 23:00:00,28,15127
"1248",257,2017-03-02 23:30:00,27,15455
"1249",258,2017-03-02 00:00:00,42,8102
"1250",258,2017-03-02 00:30:00,44,6920
"1251",258,2017-03-02 01:00:00,44,6967
"1252",258,2017-03-02 01:30:00,43,5752
"1253",258,2017-03-02 02:00:00,41,4970
"1254",258,2017-03-02 02:30:00,39,4629
"1255",258,2017-03-02 03:00:00,49,3250
"1256",258,2017-03-02 03:30:00,47,2770
"1257",258,2017-03-02 04:00:00,39,4040
"1258",258,2017-03-02 04:30:00,42,1878
"1259",258,2017-03-02 05:00:00,44,1757
"1260",258,2017-03-02 05:30:00,36,2598
"1261",258,2017-03-02 06:00:00,40,2799
"1262",258,2017-03-02 06:30:00,36,3203
"1263",258,2017-03-02 07:00:00,34,4425
"1264",258,2017-03-02 07:30:00,32,5909
"1265",258,2017-03-02 08:00:00,32,7682
"1266",258,2017-03-02 08:30:00,32,6829
"1267",258,2017-03-02 09:00:00,31,6230
"1268",258,2017-03-02 09:30:00,32,6919
"1269",258,2017-03-02 10:00:00,36,6509
"1270",258,2017-03-02 10:30:00,33,8359
"1271",258,2017-03-02 11:00:00,33,5450
"1272",258,2017-03-02 11:30:00,32,8028
"1273",258,2017-03-02 12:00:00,31,6884
"1274",258,2017-03-02 12:30:00,35,7316
"1275",258,2017-03-02 13:00:00,34,9639
"1276",258,2017-03-02 13:30:00,33,7524
"1277",258,2017-03-02 14:00:00,32,9137
"1278",258,2017-03-02 14:30:00,31,8074
"1279",258,2017-03-02 15:00:00,31,7968
"1280",258,2017-03-02 15:30:00,33,9348
"1281",258,2017-03-02 16:00:00,29,8409
"1282",258,2017-03-02 16:30:00,32,9429
"1283",258,2017-03-02 17:00:00,32,10843
"1284",258,2017-03-02 17:30:00,34,8093
"1285",258,2017-03-02 18:00:00,29,8792
"1286",258,2017-03-02 18:30:00,29,9900
"1287",258,2017-03-02 19:00:00,33,9655
"1288",258,2017-03-02 19:30:00,36,9408
"1289",258,2017-03-02 20:00:00,37,7999
"1290",258,2017-03-02 20:30:00,35,8991
"1291",258,2017-03-02 21:00:00,37,9910
"1292",258,2017-03-02 21:30:00,37,11109
"1293",258,2017-03-02 22:00:00,40,10662
"1294",258,2017-03-02 22:30:00,41,9724
"1295",258,2017-03-02 23:00:00,42,9511
"1296",258,2017-03-02 23:30:00,43,9241
"1297",260,2017-03-02 00:00:00,43,15526
"1298",260,2017-03-02 00:30:00,42,14308
"1299",260,2017-03-02 01:00:00,42,8971
"1300",260,2017-03-02 01:30:00,40,5979
"1301",260,2017-03-02 02:00:00,40,6119
"1302",260,2017-03-02 02:30:00,37,5096
"1303",260,2017-03-02 03:00:00,37,3900
"1304",260,2017-03-02 03:30:00,41,3164
"1305",260,2017-03-02 04:00:00,41,2553
"1306",260,2017-03-02 04:30:00,40,3072
"1307",260,2017-03-02 05:00:00,40,3225
"1308",260,2017-03-02 05:30:00,36,7752
"1309",260,2017-03-02 06:00:00,38,9129
"1310",260,2017-03-02 06:30:00,35,13427
"1311",260,2017-03-02 07:00:00,35,11292
"1312",260,2017-03-02 07:30:00,33,13443
"1313",260,2017-03-02 08:00:00,34,13964
"1314",260,2017-03-02 08:30:00,33,17268
"1315",260,2017-03-02 09:00:00,35,18743
"1316",260,2017-03-02 09:30:00,32,12703
"1317",260,2017-03-02 10:00:00,34,18385
"1318",260,2017-03-02 10:30:00,33,14745
"1319",260,2017-03-02 11:00:00,33,15972
"1320",260,2017-03-02 11:30:00,34,15560
"1321",260,2017-03-02 12:00:00,34,16758
"1322",260,2017-03-02 12:30:00,33,14531
"1323",260,2017-03-02 13:00:00,34,17570
"1324",260,2017-03-02 13:30:00,32,21723
"1325",260,2017-03-02 14:00:00,32,17550
"1326",260,2017-03-02 14:30:00,33,18499
"1327",260,2017-03-02 15:00:00,31,19829
"1328",260,2017-03-02 15:30:00,31,18741
"1329",260,2017-03-02 16:00:00,30,20885
"1330",260,2017-03-02 16:30:00,31,20625
"1331",260,2017-03-02 17:00:00,30,22626
"1332",260,2017-03-02 17:30:00,32,20238
"1333",260,2017-03-02 18:00:00,29,22150
"1334",260,2017-03-02 18:30:00,29,22702
"1335",260,2017-03-02 19:00:00,32,22061
"1336",260,2017-03-02 19:30:00,35,17718
"1337",260,2017-03-02 20:00:00,35,20262
"1338",260,2017-03-02 20:30:00,36,17001
"1339",260,2017-03-02 21:00:00,36,20965
"1340",260,2017-03-02 21:30:00,36,17607
"1341",260,2017-03-02 22:00:00,36,20984
"1342",260,2017-03-02 22:30:00,38,22649
"1343",260,2017-03-02 23:00:00,41,18640
"1344",260,2017-03-02 23:30:00,42,16651
"1345",266,2017-03-02 00:00:00,46.5,600
"1346",266,2017-03-02 00:30:00,43,600
"1347",266,2017-03-02 01:00:00,35.5,250
"1348",266,2017-03-02 01:30:00,37,305
"1349",266,2017-03-02 02:00:00,26,535
"1350",266,2017-03-02 02:30:00,30,324
"1351",266,2017-03-02 03:00:00,45,193
"1352",266,2017-03-02 03:30:00,41,88
"1353",266,2017-03-02 04:00:00,33,471
"1354",266,2017-03-02 04:30:00,38.5,240
"1355",266,2017-03-02 05:00:00,43,395
"1356",266,2017-03-02 05:30:00,73.5,2
"1357",266,2017-03-02 06:00:00,31,593
"1358",266,2017-03-02 06:30:00,64,319
"1359",266,2017-03-02 07:00:00,32,1290
"1360",266,2017-03-02 07:30:00,32,2173
"1361",266,2017-03-02 08:00:00,32,2049
"1362",266,2017-03-02 08:30:00,37,1652
"1363",266,2017-03-02 09:00:00,32,948
"1364",266,2017-03-02 09:30:00,30,998
"1365",266,2017-03-02 10:00:00,40,1010
"1366",266,2017-03-02 10:30:00,34,681
"1367",266,2017-03-02 11:00:00,29,587
"1368",266,2017-03-02 11:30:00,36,1007
"1369",266,2017-03-02 12:00:00,56.5,440
"1370",266,2017-03-02 12:30:00,34,965
"1371",266,2017-03-02 13:00:00,34,865
"1372",266,2017-03-02 13:30:00,64,220
"1373",266,2017-03-02 14:00:00,45,725
"1374",266,2017-03-02 14:30:00,26,1055
"1375",266,2017-03-02 15:00:00,38.5,502
"1376",266,2017-03-02 15:30:00,41,728
"1377",266,2017-03-02 16:00:00,47,799
"1378",266,2017-03-02 16:30:00,66,651
"1379",266,2017-03-02 17:00:00,32,999
"1380",266,2017-03-02 17:30:00,43,954
"1381",266,2017-03-02 18:00:00,33,3105
"1382",266,2017-03-02 18:30:00,48,1235
"1383",266,2017-03-02 19:00:00,34,1402
"1384",266,2017-03-02 19:30:00,37,1083
"1385",266,2017-03-02 20:00:00,30,1765
"1386",266,2017-03-02 20:30:00,38,1076
"1387",266,2017-03-02 21:00:00,34,1013
"1388",266,2017-03-02 21:30:00,39,1082
"1389",266,2017-03-02 22:00:00,54,677
"1390",266,2017-03-02 22:30:00,41,495
"1391",266,2017-03-02 23:00:00,44,900
"1392",266,2017-03-02 23:30:00,60,621
"1393",268,2017-03-02 00:00:00,45,14946
"1394",268,2017-03-02 00:30:00,44,13948
"1395",268,2017-03-02 01:00:00,43,12310
"1396",268,2017-03-02 01:30:00,43,9879
"1397",268,2017-03-02 02:00:00,40,9388
"1398",268,2017-03-02 02:30:00,41,7767
"1399",268,2017-03-02 03:00:00,36,7584
"1400",268,2017-03-02 03:30:00,45,5497
"1401",268,2017-03-02 04:00:00,42,4923
"1402",268,2017-03-02 04:30:00,45.5,4324
"1403",268,2017-03-02 05:00:00,42,4034
"1404",268,2017-03-02 05:30:00,44,5643
"1405",268,2017-03-02 06:00:00,39,7594
"1406",268,2017-03-02 06:30:00,41,6385
"1407",268,2017-03-02 07:00:00,38,8129
"1408",268,2017-03-02 07:30:00,38,8529
"1409",268,2017-03-02 08:00:00,39,10125
"1410",268,2017-03-02 08:30:00,41,9461
"1411",268,2017-03-02 09:00:00,40,10057
"1412",268,2017-03-02 09:30:00,39,10290
"1413",268,2017-03-02 10:00:00,38,12093
"1414",268,2017-03-02 10:30:00,34,11942
"1415",268,2017-03-02 11:00:00,35,13713
"1416",268,2017-03-02 11:30:00,34,13471
"1417",268,2017-03-02 12:00:00,36,13173
"1418",268,2017-03-02 12:30:00,34,16287
"1419",268,2017-03-02 13:00:00,33,15683
"1420",268,2017-03-02 13:30:00,34,15250
"1421",268,2017-03-02 14:00:00,34,16339
"1422",268,2017-03-02 14:30:00,34,15430
"1423",268,2017-03-02 15:00:00,35,15594
"1424",268,2017-03-02 15:30:00,33,18629
"1425",268,2017-03-02 16:00:00,34,14802
"1426",268,2017-03-02 16:30:00,33,19313
"1427",268,2017-03-02 17:00:00,34,17836
"1428",268,2017-03-02 17:30:00,35,20537
"1429",268,2017-03-02 18:00:00,28,22539
"1430",268,2017-03-02 18:30:00,29,24349
"1431",268,2017-03-02 19:00:00,34,22624
"1432",268,2017-03-02 19:30:00,37,22045
"1433",268,2017-03-02 20:00:00,36,19783
"1434",268,2017-03-02 20:30:00,39,19245
"1435",268,2017-03-02 21:00:00,37,21816
"1436",268,2017-03-02 21:30:00,40,18562
"1437",268,2017-03-02 22:00:00,42,16294
"1438",268,2017-03-02 22:30:00,41,14999
"1439",268,2017-03-02 23:00:00,46,16775
"1440",268,2017-03-02 23:30:00,45,14123
"1441",318,2017-03-02 00:00:00,46,5716
"1442",318,2017-03-02 00:30:00,48,4758
"1443",318,2017-03-02 01:00:00,46,3441
"1444",318,2017-03-02 01:30:00,48,2477
"1445",318,2017-03-02 02:00:00,39,2007
"1446",318,2017-03-02 02:30:00,44,1556
"1447",318,2017-03-02 03:00:00,53,1116
"1448",318,2017-03-02 03:30:00,42,933
"1449",318,2017-03-02 04:00:00,57,839
"1450",318,2017-03-02 04:30:00,52,1042
"1451",318,2017-03-02 05:00:00,52,1432
"1452",318,2017-03-02 05:30:00,43,1751
"1453",318,2017-03-02 06:00:00,46,1968
"1454",318,2017-03-02 06:30:00,50,2732
"1455",318,2017-03-02 07:00:00,44,4033
"1456",318,2017-03-02 07:30:00,31,6068
"1457",318,2017-03-02 08:00:00,33,6744
"1458",318,2017-03-02 08:30:00,36,7630
"1459",318,2017-03-02 09:00:00,40,10094
"1460",318,2017-03-02 09:30:00,44,5569
"1461",318,2017-03-02 10:00:00,43,5824
"1462",318,2017-03-02 10:30:00,46,6167
"1463",318,2017-03-02 11:00:00,42,5289
"1464",318,2017-03-02 11:30:00,53,4229
"1465",318,2017-03-02 12:00:00,46,4950
"1466",318,2017-03-02 12:30:00,43,4472
"1467",318,2017-03-02 13:00:00,38,7051
"1468",318,2017-03-02 13:30:00,44,6346
"1469",318,2017-03-02 14:00:00,41,7246
"1470",318,2017-03-02 14:30:00,43,6663
"1471",318,2017-03-02 15:00:00,44,7189
"1472",318,2017-03-02 15:30:00,35,7918
"1473",318,2017-03-02 16:00:00,42,8017
"1474",318,2017-03-02 16:30:00,38,7061
"1475",318,2017-03-02 17:00:00,42,7228
"1476",318,2017-03-02 17:30:00,41,6428
"1477",318,2017-03-02 18:00:00,35,8013
"1478",318,2017-03-02 18:30:00,34,9256
"1479",318,2017-03-02 19:00:00,36,8840
"1480",318,2017-03-02 19:30:00,36,7204
"1481",318,2017-03-02 20:00:00,43,8368
"1482",318,2017-03-02 20:30:00,43,9241
"1483",318,2017-03-02 21:00:00,39,9627
"1484",318,2017-03-02 21:30:00,39,10345
"1485",318,2017-03-02 22:00:00,40,10492
"1486",318,2017-03-02 22:30:00,43,9084
"1487",318,2017-03-02 23:00:00,40,11693
"1488",318,2017-03-02 23:30:00,43,8189
"1489",320,2017-03-02 00:00:00,35,20816
"1490",320,2017-03-02 00:30:00,34,21029
"1491",320,2017-03-02 01:00:00,35,15113
"1492",320,2017-03-02 01:30:00,33,15571
"1493",320,2017-03-02 02:00:00,31,12155
"1494",320,2017-03-02 02:30:00,33,11103
"1495",320,2017-03-02 03:00:00,31,9662
"1496",320,2017-03-02 03:30:00,33,8723
"1497",320,2017-03-02 04:00:00,32,7378
"1498",320,2017-03-02 04:30:00,36,5324
"1499",320,2017-03-02 05:00:00,33,5178
"1500",320,2017-03-02 05:30:00,36,5146
"1501",320,2017-03-02 06:00:00,32,4866
"1502",320,2017-03-02 06:30:00,33,6140
"1503",320,2017-03-02 07:00:00,32,7227
"1504",320,2017-03-02 07:30:00,31,7961
"1505",320,2017-03-02 08:00:00,31,11695
"1506",320,2017-03-02 08:30:00,31,9484
"1507",320,2017-03-02 09:00:00,33,8193
"1508",320,2017-03-02 09:30:00,33,10039
"1509",320,2017-03-02 10:00:00,34,9431
"1510",320,2017-03-02 10:30:00,33,11282
"1511",320,2017-03-02 11:00:00,33,9883
"1512",320,2017-03-02 11:30:00,31,12455
"1513",320,2017-03-02 12:00:00,33,11192
"1514",320,2017-03-02 12:30:00,33,9587
"1515",320,2017-03-02 13:00:00,31,9987
"1516",320,2017-03-02 13:30:00,30,11888
"1517",320,2017-03-02 14:00:00,30,12337
"1518",320,2017-03-02 14:30:00,32,10475
"1519",320,2017-03-02 15:00:00,32,12649
"1520",320,2017-03-02 15:30:00,30,13126
"1521",320,2017-03-02 16:00:00,31,18022
"1522",320,2017-03-02 16:30:00,31,13319
"1523",320,2017-03-02 17:00:00,30,11822
"1524",320,2017-03-02 17:30:00,28,14414
"1525",320,2017-03-02 18:00:00,29,13930
"1526",320,2017-03-02 18:30:00,29,16254
"1527",320,2017-03-02 19:00:00,30,15600
"1528",320,2017-03-02 19:30:00,31,18805
"1529",320,2017-03-02 20:00:00,31,18467
"1530",320,2017-03-02 20:30:00,33,18206
"1531",320,2017-03-02 21:00:00,31,21636
"1532",320,2017-03-02 21:30:00,33,26392
"1533",320,2017-03-02 22:00:00,34,25728
"1534",320,2017-03-02 22:30:00,34,23365
"1535",320,2017-03-02 23:00:00,34,25904
"1536",320,2017-03-02 23:30:00,35,25642
"1537",375,2017-03-02 00:00:00,40,30762
"1538",375,2017-03-02 00:30:00,40,25073
"1539",375,2017-03-02 01:00:00,39,22777
"1540",375,2017-03-02 01:30:00,37,19213
"1541",375,2017-03-02 02:00:00,38,16039
"1542",375,2017-03-02 02:30:00,35,15371
"1543",375,2017-03-02 03:00:00,35,13711
"1544",375,2017-03-02 03:30:00,33,11675
"1545",375,2017-03-02 04:00:00,40,9867
"1546",375,2017-03-02 04:30:00,37,6066
"1547",375,2017-03-02 05:00:00,39,7375
"1548",375,2017-03-02 05:30:00,37,6685
"1549",375,2017-03-02 06:00:00,37,7308
"1550",375,2017-03-02 06:30:00,35,7781
"1551",375,2017-03-02 07:00:00,34,10053
"1552",375,2017-03-02 07:30:00,31,11128
"1553",375,2017-03-02 08:00:00,25,15764
"1554",375,2017-03-02 08:30:00,26,12936
"1555",375,2017-03-02 09:00:00,33,16459
"1556",375,2017-03-02 09:30:00,29,20099
"1557",375,2017-03-02 10:00:00,30,15977
"1558",375,2017-03-02 10:30:00,30,15786
"1559",375,2017-03-02 11:00:00,33,16673
"1560",375,2017-03-02 11:30:00,32,14731
"1561",375,2017-03-02 12:00:00,32,16620
"1562",375,2017-03-02 12:30:00,32,17336
"1563",375,2017-03-02 13:00:00,30,18764
"1564",375,2017-03-02 13:30:00,23,21869
"1565",375,2017-03-02 14:00:00,29,18914
"1566",375,2017-03-02 14:30:00,27,20281
"1567",375,2017-03-02 15:00:00,27,25261
"1568",375,2017-03-02 15:30:00,28,25007
"1569",375,2017-03-02 16:00:00,26,23353
"1570",375,2017-03-02 16:30:00,26,22661
"1571",375,2017-03-02 17:00:00,26,24644
"1572",375,2017-03-02 17:30:00,28,21059
"1573",375,2017-03-02 18:00:00,25,18599
"1574",375,2017-03-02 18:30:00,26,20878
"1575",375,2017-03-02 19:00:00,25,27023
"1576",375,2017-03-02 19:30:00,30,25508
"1577",375,2017-03-02 20:00:00,32,26969
"1578",375,2017-03-02 20:30:00,34,24735
"1579",375,2017-03-02 21:00:00,33,33399
"1580",375,2017-03-02 21:30:00,34,34068
"1581",375,2017-03-02 22:00:00,35,32667
"1582",375,2017-03-02 22:30:00,37,32144
"1583",375,2017-03-02 23:00:00,39,28972
"1584",375,2017-03-02 23:30:00,41,28647
"1585",391,2017-03-02 00:00:00,31,25596
"1586",391,2017-03-02 00:30:00,31,19731
"1587",391,2017-03-02 01:00:00,30,21287
"1588",391,2017-03-02 01:30:00,32,15474
"1589",391,2017-03-02 02:00:00,30,12215
"1590",391,2017-03-02 02:30:00,30,11301
"1591",391,2017-03-02 03:00:00,31,10670
"1592",391,2017-03-02 03:30:00,33,8163
"1593",391,2017-03-02 04:00:00,34,7192
"1594",391,2017-03-02 04:30:00,33,5910
"1595",391,2017-03-02 05:00:00,33,4684
"1596",391,2017-03-02 05:30:00,34,4569
"1597",391,2017-03-02 06:00:00,35,3644
"1598",391,2017-03-02 06:30:00,33,6722
"1599",391,2017-03-02 07:00:00,30,9124
"1600",391,2017-03-02 07:30:00,32,8121
"1601",391,2017-03-02 08:00:00,29,11365
"1602",391,2017-03-02 08:30:00,31,9958
"1603",391,2017-03-02 09:00:00,31,14245
"1604",391,2017-03-02 09:30:00,30,14737
"1605",391,2017-03-02 10:00:00,32,13528
"1606",391,2017-03-02 10:30:00,31,13487
"1607",391,2017-03-02 11:00:00,33,10335
"1608",391,2017-03-02 11:30:00,31,10573
"1609",391,2017-03-02 12:00:00,31,11909
"1610",391,2017-03-02 12:30:00,33,10918
"1611",391,2017-03-02 13:00:00,30,13575
"1612",391,2017-03-02 13:30:00,31,14772
"1613",391,2017-03-02 14:00:00,30,15847
"1614",391,2017-03-02 14:30:00,34,13676
"1615",391,2017-03-02 15:00:00,29,16649
"1616",391,2017-03-02 15:30:00,29,15850
"1617",391,2017-03-02 16:00:00,29,15489
"1618",391,2017-03-02 16:30:00,30,17359
"1619",391,2017-03-02 17:00:00,28,13478
"1620",391,2017-03-02 17:30:00,28,13691
"1621",391,2017-03-02 18:00:00,25,17647
"1622",391,2017-03-02 18:30:00,23,15647
"1623",391,2017-03-02 19:00:00,24,28283
"1624",391,2017-03-02 19:30:00,27,22796
"1625",391,2017-03-02 20:00:00,28,20406
"1626",391,2017-03-02 20:30:00,30,22478
"1627",391,2017-03-02 21:00:00,30,21360
"1628",391,2017-03-02 21:30:00,29,21456
"1629",391,2017-03-02 22:00:00,29,20777
"1630",391,2017-03-02 22:30:00,32,18921
"1631",391,2017-03-02 23:00:00,32,22379
"1632",391,2017-03-02 23:30:00,33,19107
"1633",395,2017-03-02 00:00:00,44,11591
"1634",395,2017-03-02 00:30:00,41,11052
"1635",395,2017-03-02 01:00:00,42,10637
"1636",395,2017-03-02 01:30:00,42,7269
"1637",395,2017-03-02 02:00:00,39,8381
"1638",395,2017-03-02 02:30:00,42,5486
"1639",395,2017-03-02 03:00:00,40,5372
"1640",395,2017-03-02 03:30:00,41,5158
"1641",395,2017-03-02 04:00:00,41,5086
"1642",395,2017-03-02 04:30:00,43,3079
"1643",395,2017-03-02 05:00:00,38,3977
"1644",395,2017-03-02 05:30:00,44,3616
"1645",395,2017-03-02 06:00:00,36,4696
"1646",395,2017-03-02 06:30:00,40,3499
"1647",395,2017-03-02 07:00:00,35,5569
"1648",395,2017-03-02 07:30:00,39,5013
"1649",395,2017-03-02 08:00:00,31,7660
"1650",395,2017-03-02 08:30:00,33,8477
"1651",395,2017-03-02 09:00:00,37,6689
"1652",395,2017-03-02 09:30:00,37,9576
"1653",395,2017-03-02 10:00:00,39,6932
"1654",395,2017-03-02 10:30:00,41,6746
"1655",395,2017-03-02 11:00:00,39,6694
"1656",395,2017-03-02 11:30:00,35,7206
"1657",395,2017-03-02 12:00:00,36,8061
"1658",395,2017-03-02 12:30:00,39,6454
"1659",395,2017-03-02 13:00:00,36,7521
"1660",395,2017-03-02 13:30:00,35,6978
"1661",395,2017-03-02 14:00:00,35,9804
"1662",395,2017-03-02 14:30:00,35,8600
"1663",395,2017-03-02 15:00:00,36,8613
"1664",395,2017-03-02 15:30:00,37,9586
"1665",395,2017-03-02 16:00:00,35,10337
"1666",395,2017-03-02 16:30:00,33,10458
"1667",395,2017-03-02 17:00:00,33,9572
"1668",395,2017-03-02 17:30:00,33,11177
"1669",395,2017-03-02 18:00:00,34,9175
"1670",395,2017-03-02 18:30:00,33,9626
"1671",395,2017-03-02 19:00:00,33,11412
"1672",395,2017-03-02 19:30:00,34,15444
"1673",395,2017-03-02 20:00:00,36,12639
"1674",395,2017-03-02 20:30:00,39,14206
"1675",395,2017-03-02 21:00:00,37,14932
"1676",395,2017-03-02 21:30:00,37,16634
"1677",395,2017-03-02 22:00:00,40,15789
"1678",395,2017-03-02 22:30:00,38,13717
"1679",395,2017-03-02 23:00:00,42,17393
"1680",395,2017-03-02 23:30:00,43,14857
"1681",400,2017-03-02 00:00:00,35,17584
"1682",400,2017-03-02 00:30:00,36,16819
"1683",400,2017-03-02 01:00:00,35,13060
"1684",400,2017-03-02 01:30:00,33,9269
"1685",400,2017-03-02 02:00:00,37,8895
"1686",400,2017-03-02 02:30:00,33,7837
"1687",400,2017-03-02 03:00:00,35,8105
"1688",400,2017-03-02 03:30:00,39,5354
"1689",400,2017-03-02 04:00:00,35,3848
"1690",400,2017-03-02 04:30:00,34,5559
"1691",400,2017-03-02 05:00:00,38,3090
"1692",400,2017-03-02 05:30:00,39,2868
"1693",400,2017-03-02 06:00:00,39,4592
"1694",400,2017-03-02 06:30:00,35,6762
"1695",400,2017-03-02 07:00:00,33,5817
"1696",400,2017-03-02 07:30:00,31,6057
"1697",400,2017-03-02 08:00:00,27,11420
"1698",400,2017-03-02 08:30:00,30,13407
"1699",400,2017-03-02 09:00:00,35,15584
"1700",400,2017-03-02 09:30:00,35,12802
"1701",400,2017-03-02 10:00:00,35,11236
"1702",400,2017-03-02 10:30:00,36,11521
"1703",400,2017-03-02 11:00:00,35,10699
"1704",400,2017-03-02 11:30:00,38,7538
"1705",400,2017-03-02 12:00:00,37,9692
"1706",400,2017-03-02 12:30:00,35,10142
"1707",400,2017-03-02 13:00:00,33,15481
"1708",400,2017-03-02 13:30:00,35,12663
"1709",400,2017-03-02 14:00:00,33,13566
"1710",400,2017-03-02 14:30:00,33,12577
"1711",400,2017-03-02 15:00:00,32,13146
"1712",400,2017-03-02 15:30:00,31,14174
"1713",400,2017-03-02 16:00:00,31,13086
"1714",400,2017-03-02 16:30:00,31,13535
"1715",400,2017-03-02 17:00:00,33,11079
"1716",400,2017-03-02 17:30:00,32,15488
"1717",400,2017-03-02 18:00:00,29,15780
"1718",400,2017-03-02 18:30:00,27,18471
"1719",400,2017-03-02 19:00:00,27,18659
"1720",400,2017-03-02 19:30:00,29,18159
"1721",400,2017-03-02 20:00:00,32,17125
"1722",400,2017-03-02 20:30:00,32,18980
"1723",400,2017-03-02 21:00:00,35,21320
"1724",400,2017-03-02 21:30:00,32,21328
"1725",400,2017-03-02 22:00:00,35,19729
"1726",400,2017-03-02 22:30:00,37,24556
"1727",400,2017-03-02 23:00:00,37,26968
"1728",400,2017-03-02 23:30:00,39,22699
"1729",424,2017-03-02 00:00:00,26,23206
"1730",424,2017-03-02 00:30:00,27,17629
"1731",424,2017-03-02 01:00:00,26,20319
"1732",424,2017-03-02 01:30:00,26,16299
"1733",424,2017-03-02 02:00:00,27,14823
"1734",424,2017-03-02 02:30:00,26,12230
"1735",424,2017-03-02 03:00:00,27,12364
"1736",424,2017-03-02 03:30:00,27,8497
"1737",424,2017-03-02 04:00:00,27,6460
"1738",424,2017-03-02 04:30:00,30,3226
"1739",424,2017-03-02 05:00:00,31,6824
"1740",424,2017-03-02 05:30:00,30,4820
"1741",424,2017-03-02 06:00:00,31,5952
"1742",424,2017-03-02 06:30:00,29,4955
"1743",424,2017-03-02 07:00:00,27,5548
"1744",424,2017-03-02 07:30:00,25,6861
"1745",424,2017-03-02 08:00:00,25,7812
"1746",424,2017-03-02 08:30:00,26,4638
"1747",424,2017-03-02 09:00:00,27,7365
"1748",424,2017-03-02 09:30:00,28,7651
"1749",424,2017-03-02 10:00:00,28,12055
"1750",424,2017-03-02 10:30:00,28,9584
"1751",424,2017-03-02 11:00:00,27,8557
"1752",424,2017-03-02 11:30:00,27,8887
"1753",424,2017-03-02 12:00:00,25,12467
"1754",424,2017-03-02 12:30:00,26,11544
"1755",424,2017-03-02 13:00:00,27,9576
"1756",424,2017-03-02 13:30:00,26,9194
"1757",424,2017-03-02 14:00:00,27,9148
"1758",424,2017-03-02 14:30:00,27,13298
"1759",424,2017-03-02 15:00:00,25,12008
"1760",424,2017-03-02 15:30:00,27,11478
"1761",424,2017-03-02 16:00:00,25,12916
"1762",424,2017-03-02 16:30:00,25,12060
"1763",424,2017-03-02 17:00:00,25,12909
"1764",424,2017-03-02 17:30:00,23,13939
"1765",424,2017-03-02 18:00:00,25,10158
"1766",424,2017-03-02 18:30:00,22,15328
"1767",424,2017-03-02 19:00:00,23,15002
"1768",424,2017-03-02 19:30:00,25,15956
"1769",424,2017-03-02 20:00:00,23,17368
"1770",424,2017-03-02 20:30:00,23,19181
"1771",424,2017-03-02 21:00:00,24,21453
"1772",424,2017-03-02 21:30:00,25,22335
"1773",424,2017-03-02 22:00:00,26,19574
"1774",424,2017-03-02 22:30:00,25,19930
"1775",424,2017-03-02 23:00:00,27,22529
"1776",424,2017-03-02 23:30:00,28,20339
"1777",442,2017-03-02 00:00:00,42,33028
"1778",442,2017-03-02 00:30:00,43,29041
"1779",442,2017-03-02 01:00:00,42,24086
"1780",442,2017-03-02 01:30:00,42,18996
"1781",442,2017-03-02 02:00:00,40,16679
"1782",442,2017-03-02 02:30:00,45,13540
"1783",442,2017-03-02 03:00:00,42,13186
"1784",442,2017-03-02 03:30:00,43,9492
"1785",442,2017-03-02 04:00:00,46,8189
"1786",442,2017-03-02 04:30:00,45,5961
"1787",442,2017-03-02 05:00:00,44,7507
"1788",442,2017-03-02 05:30:00,46,5366
"1789",442,2017-03-02 06:00:00,47,6563
"1790",442,2017-03-02 06:30:00,37,8565
"1791",442,2017-03-02 07:00:00,38,10051
"1792",442,2017-03-02 07:30:00,35,11145
"1793",442,2017-03-02 08:00:00,35,18926
"1794",442,2017-03-02 08:30:00,32,18774
"1795",442,2017-03-02 09:00:00,33,25999
"1796",442,2017-03-02 09:30:00,34,23911
"1797",442,2017-03-02 10:00:00,34,16231
"1798",442,2017-03-02 10:30:00,34,20435
"1799",442,2017-03-02 11:00:00,34,16969
"1800",442,2017-03-02 11:30:00,33,15848
"1801",442,2017-03-02 12:00:00,34,18928
"1802",442,2017-03-02 12:30:00,37,19564
"1803",442,2017-03-02 13:00:00,33,21478
"1804",442,2017-03-02 13:30:00,33,21052
"1805",442,2017-03-02 14:00:00,32,19293
"1806",442,2017-03-02 14:30:00,33,18539
"1807",442,2017-03-02 15:00:00,32,23321
"1808",442,2017-03-02 15:30:00,32,24180
"1809",442,2017-03-02 16:00:00,30.5,20498
"1810",442,2017-03-02 16:30:00,31,25951
"1811",442,2017-03-02 17:00:00,33,21096
"1812",442,2017-03-02 17:30:00,31,27339
"1813",442,2017-03-02 18:00:00,28,28127
"1814",442,2017-03-02 18:30:00,27,28883
"1815",442,2017-03-02 19:00:00,31,31909
"1816",442,2017-03-02 19:30:00,32,33472
"1817",442,2017-03-02 20:00:00,32,29729
"1818",442,2017-03-02 20:30:00,33,33415
"1819",442,2017-03-02 21:00:00,33,39300
"1820",442,2017-03-02 21:30:00,36,31511
"1821",442,2017-03-02 22:00:00,35,32601
"1822",442,2017-03-02 22:30:00,41,34565
"1823",442,2017-03-02 23:00:00,42,31579
"1824",442,2017-03-02 23:30:00,45,28270
"1825",459,2017-03-02 00:00:00,42,13427
"1826",459,2017-03-02 00:30:00,40,10980
"1827",459,2017-03-02 01:00:00,43,9045
"1828",459,2017-03-02 01:30:00,38,9713
"1829",459,2017-03-02 02:00:00,38,9218
"1830",459,2017-03-02 02:30:00,38,6034
"1831",459,2017-03-02 03:00:00,41,7292
"1832",459,2017-03-02 03:30:00,40,4481
"1833",459,2017-03-02 04:00:00,41,4920
"1834",459,2017-03-02 04:30:00,39,3435
"1835",459,2017-03-02 05:00:00,39,4600
"1836",459,2017-03-02 05:30:00,37,5431
"1837",459,2017-03-02 06:00:00,37,4697
"1838",459,2017-03-02 06:30:00,36,3640
"1839",459,2017-03-02 07:00:00,33,4884
"1840",459,2017-03-02 07:30:00,33,7414
"1841",459,2017-03-02 08:00:00,30,8132
"1842",459,2017-03-02 08:30:00,35,6223
"1843",459,2017-03-02 09:00:00,34,9354
"1844",459,2017-03-02 09:30:00,35,8248
"1845",459,2017-03-02 10:00:00,35,10903
"1846",459,2017-03-02 10:30:00,33,9957
"1847",459,2017-03-02 11:00:00,35,9298
"1848",459,2017-03-02 11:30:00,34,10255
"1849",459,2017-03-02 12:00:00,36,8302
"1850",459,2017-03-02 12:30:00,32,10034
"1851",459,2017-03-02 13:00:00,31,8609
"1852",459,2017-03-02 13:30:00,31,9618
"1853",459,2017-03-02 14:00:00,33,9158
"1854",459,2017-03-02 14:30:00,32,11335
"1855",459,2017-03-02 15:00:00,34,10732
"1856",459,2017-03-02 15:30:00,32,12903
"1857",459,2017-03-02 16:00:00,32,14323
"1858",459,2017-03-02 16:30:00,32,11504
"1859",459,2017-03-02 17:00:00,33,11252
"1860",459,2017-03-02 17:30:00,31,13665
"1861",459,2017-03-02 18:00:00,30,12310
"1862",459,2017-03-02 18:30:00,30,14054
"1863",459,2017-03-02 19:00:00,32,13185
"1864",459,2017-03-02 19:30:00,32,15696
"1865",459,2017-03-02 20:00:00,34,13357
"1866",459,2017-03-02 20:30:00,35,15801
"1867",459,2017-03-02 21:00:00,32,16080
"1868",459,2017-03-02 21:30:00,36,16111
"1869",459,2017-03-02 22:00:00,38,16914
"1870",459,2017-03-02 22:30:00,41,12114
"1871",459,2017-03-02 23:00:00,41,16827
"1872",459,2017-03-02 23:30:00,42,15463
"1873",464,2017-03-02 00:00:00,33,33729
"1874",464,2017-03-02 00:30:00,30,34275
"1875",464,2017-03-02 01:00:00,30,28972
"1876",464,2017-03-02 01:30:00,29,24700
"1877",464,2017-03-02 02:00:00,31,19109
"1878",464,2017-03-02 02:30:00,31,19414
"1879",464,2017-03-02 03:00:00,33,14912
"1880",464,2017-03-02 03:30:00,28,17488
"1881",464,2017-03-02 04:00:00,30,12190
"1882",464,2017-03-02 04:30:00,32,10248
"1883",464,2017-03-02 05:00:00,27,8455
"1884",464,2017-03-02 05:30:00,33,8273
"1885",464,2017-03-02 06:00:00,32,8679
"1886",464,2017-03-02 06:30:00,38,6779
"1887",464,2017-03-02 07:00:00,34,9831
"1888",464,2017-03-02 07:30:00,30,10669
"1889",464,2017-03-02 08:00:00,31,10344
"1890",464,2017-03-02 08:30:00,36,9973
"1891",464,2017-03-02 09:00:00,32,21158
"1892",464,2017-03-02 09:30:00,34,18937
"1893",464,2017-03-02 10:00:00,34,13275
"1894",464,2017-03-02 10:30:00,35,15361
"1895",464,2017-03-02 11:00:00,33,12358
"1896",464,2017-03-02 11:30:00,34,11651
"1897",464,2017-03-02 12:00:00,33,13527
"1898",464,2017-03-02 12:30:00,34,14008
"1899",464,2017-03-02 13:00:00,34,16418
"1900",464,2017-03-02 13:30:00,33,15657
"1901",464,2017-03-02 14:00:00,33,14641
"1902",464,2017-03-02 14:30:00,32,14182
"1903",464,2017-03-02 15:00:00,30,15615
"1904",464,2017-03-02 15:30:00,31,15513
"1905",464,2017-03-02 16:00:00,30,15093
"1906",464,2017-03-02 16:30:00,32,16519
"1907",464,2017-03-02 17:00:00,31,16217
"1908",464,2017-03-02 17:30:00,30,18148
"1909",464,2017-03-02 18:00:00,26,26670
"1910",464,2017-03-02 18:30:00,24,25629
"1911",464,2017-03-02 19:00:00,27,27619
"1912",464,2017-03-02 19:30:00,31,26888
"1913",464,2017-03-02 20:00:00,30,31214
"1914",464,2017-03-02 20:30:00,33,31064
"1915",464,2017-03-02 21:00:00,34,29064
"1916",464,2017-03-02 21:30:00,31,37634
"1917",464,2017-03-02 22:00:00,33,31706
"1918",464,2017-03-02 22:30:00,36,32799
"1919",464,2017-03-02 23:00:00,37,31623
"1920",464,2017-03-02 23:30:00,39,31133
"1921",465,2017-03-02 00:00:00,33,30427
"1922",465,2017-03-02 00:30:00,31,30048
"1923",465,2017-03-02 01:00:00,33,25013
"1924",465,2017-03-02 01:30:00,31,22159
"1925",465,2017-03-02 02:00:00,31,18713
"1926",465,2017-03-02 02:30:00,28,16954
"1927",465,2017-03-02 03:00:00,28,19087
"1928",465,2017-03-02 03:30:00,29,14138
"1929",465,2017-03-02 04:00:00,32,9707
"1930",465,2017-03-02 04:30:00,31,9001
"1931",465,2017-03-02 05:00:00,29,8675
"1932",465,2017-03-02 05:30:00,35,7942
"1933",465,2017-03-02 06:00:00,29,9816
"1934",465,2017-03-02 06:30:00,33,8468
"1935",465,2017-03-02 07:00:00,29,8928
"1936",465,2017-03-02 07:30:00,27,12706
"1937",465,2017-03-02 08:00:00,31,9370
"1938",465,2017-03-02 08:30:00,26,9689
"1939",465,2017-03-02 09:00:00,30,18682
"1940",465,2017-03-02 09:30:00,29,18346
"1941",465,2017-03-02 10:00:00,32,15288
"1942",465,2017-03-02 10:30:00,33,16028
"1943",465,2017-03-02 11:00:00,34,11240
"1944",465,2017-03-02 11:30:00,32,12141
"1945",465,2017-03-02 12:00:00,33,13454
"1946",465,2017-03-02 12:30:00,35,14699
"1947",465,2017-03-02 13:00:00,34,12773
"1948",465,2017-03-02 13:30:00,32,16679
"1949",465,2017-03-02 14:00:00,30,14742
"1950",465,2017-03-02 14:30:00,31,17863
"1951",465,2017-03-02 15:00:00,30,16720
"1952",465,2017-03-02 15:30:00,31,17034
"1953",465,2017-03-02 16:00:00,32,14991
"1954",465,2017-03-02 16:30:00,30,18462
"1955",465,2017-03-02 17:00:00,32,16553
"1956",465,2017-03-02 17:30:00,29,16573
"1957",465,2017-03-02 18:00:00,30,21637
"1958",465,2017-03-02 18:30:00,28,21736
"1959",465,2017-03-02 19:00:00,28,23699
"1960",465,2017-03-02 19:30:00,31,25466
"1961",465,2017-03-02 20:00:00,31,26746
"1962",465,2017-03-02 20:30:00,32,26829
"1963",465,2017-03-02 21:00:00,31,26778
"1964",465,2017-03-02 21:30:00,30,34007
"1965",465,2017-03-02 22:00:00,34,30399
"1966",465,2017-03-02 22:30:00,34,35111
"1967",465,2017-03-02 23:00:00,35,33045
"1968",465,2017-03-02 23:30:00,38,27407
"1969",468,2017-03-02 00:00:00,49,13176
"1970",468,2017-03-02 00:30:00,50,10942
"1971",468,2017-03-02 01:00:00,51,9924
"1972",468,2017-03-02 01:30:00,48,7771
"1973",468,2017-03-02 02:00:00,44,8636
"1974",468,2017-03-02 02:30:00,47,5250
"1975",468,2017-03-02 03:00:00,51,6143
"1976",468,2017-03-02 03:30:00,49.5,4282
"1977",468,2017-03-02 04:00:00,47,3482
"1978",468,2017-03-02 04:30:00,48,3261
"1979",468,2017-03-02 05:00:00,43,3377
"1980",468,2017-03-02 05:30:00,47,2970
"1981",468,2017-03-02 06:00:00,44,3830
"1982",468,2017-03-02 06:30:00,40,4034
"1983",468,2017-03-02 07:00:00,38,4347
"1984",468,2017-03-02 07:30:00,36,7304
"1985",468,2017-03-02 08:00:00,37,5802
"1986",468,2017-03-02 08:30:00,34,6854
"1987",468,2017-03-02 09:00:00,38,10579
"1988",468,2017-03-02 09:30:00,38,10442
"1989",468,2017-03-02 10:00:00,38,9256
"1990",468,2017-03-02 10:30:00,38,8973
"1991",468,2017-03-02 11:00:00,39,7287
"1992",468,2017-03-02 11:30:00,41,7316
"1993",468,2017-03-02 12:00:00,35,8375
"1994",468,2017-03-02 12:30:00,39,9047
"1995",468,2017-03-02 13:00:00,39,7904
"1996",468,2017-03-02 13:30:00,37,10021
"1997",468,2017-03-02 14:00:00,42,7935
"1998",468,2017-03-02 14:30:00,39,8992
"1999",468,2017-03-02 15:00:00,40,9288
"2000",468,2017-03-02 15:30:00,39,10466
"2001",468,2017-03-02 16:00:00,39,10371
"2002",468,2017-03-02 16:30:00,37,10171
"2003",468,2017-03-02 17:00:00,37,9427
"2004",468,2017-03-02 17:30:00,36,9100
"2005",468,2017-03-02 18:00:00,36,10776
"2006",468,2017-03-02 18:30:00,31,14055
"2007",468,2017-03-02 19:00:00,33,12322
"2008",468,2017-03-02 19:30:00,39,12148
"2009",468,2017-03-02 20:00:00,38,11547
"2010",468,2017-03-02 20:30:00,40,12865
"2011",468,2017-03-02 21:00:00,38,16114
"2012",468,2017-03-02 21:30:00,43,16995
"2013",468,2017-03-02 22:00:00,43,17596
"2014",468,2017-03-02 22:30:00,43,19201
"2015",468,2017-03-02 23:00:00,44,21080
"2016",468,2017-03-02 23:30:00,47,15929
